2020-10-28	HV	Night	CONFIRMED	跑馬地馬場	跑馬地夜馬
2020-10-24	ST	Day	CONFIRMED	沙田馬場	沙田日馬
2020-10-21	HV	Night	CONFIRMED	跑馬地馬場	跑馬地夜馬
2020-10-18	ST	Day	CONFIRMED	沙田馬場	沙田日馬
2020-10-14	HV	Night	CONFIRMED	跑馬地馬場	跑馬地夜馬
2020-10-11	ST	Day	CONFIRMED	沙田馬場	沙田日馬
2020-10-07	HV	Night	CONFIRMED	跑馬地馬場	跑馬地夜馬
2020-10-04	ST	Day	CONFIRMED	沙田馬場	沙田日馬
2020-10-01	ST	Day	CONFIRMED	沙田馬場	沙田日馬
2020-09-27	ST	Day	CONFIRMED	沙田馬場	沙田日馬
2020-09-23	HV	Night	CONFIRMED	跑馬地馬場	跑馬地夜馬
2020-09-20	ST	Day	CONFIRMED	沙田馬場	沙田日馬
2020-09-16	HV	Night	CONFIRMED	跑馬地馬場	跑馬地夜馬
2020-09-13	ST	Day	CONFIRMED	沙田馬場	沙田日馬
2020-09-09	HV	Night	CONFIRMED	跑馬地馬場	跑馬地夜馬
2020-09-06	ST	Day	CONFIRMED	沙田馬場	沙田日馬
2021-04-08	HV	Night	CONFIRMED	跑馬地馬場	跑馬地夜馬
2021-07-14	HV	Night	CONFIRMED	跑馬地馬場	跑馬地夜馬
2021-07-11	ST	Day	CONFIRMED	沙田馬場	沙田日馬
2021-07-07	HV	Night	CONFIRMED	跑馬地馬場	跑馬地夜馬
2021-07-04	ST	Day	CONFIRMED	沙田馬場	沙田日馬
2021-07-01	ST	Day	CONFIRMED	沙田馬場	沙田日馬
2021-06-26	ST	Day	CONFIRMED	沙田馬場	沙田日馬
2021-06-23	HV	Night	CONFIRMED	跑馬地馬場	跑馬地夜馬
2021-06-20	ST	Day	CONFIRMED	沙田馬場	沙田日馬
2021-06-13	ST	Day	CONFIRMED	沙田馬場	沙田日馬
2021-06-09	HV	Night	CONFIRMED	跑馬地馬場	跑馬地夜馬
2021-06-06	ST	Day	CONFIRMED	沙田馬場	沙田日馬
2021-06-02	HV	Night	CONFIRMED	跑馬地馬場	跑馬地夜馬
2021-05-30	ST	Day	CONFIRMED	沙田馬場	沙田日馬
2021-05-26	HV	Night	CONFIRMED	跑馬地馬場	跑馬地夜馬
2021-05-16	ST	Day	CONFIRMED	沙田馬場	沙田日馬
2021-05-12	ST	Night	CONFIRMED	沙田馬場	沙田夜馬
2021-05-08	ST	Day	CONFIRMED	沙田馬場	沙田日馬
2021-05-05	HV	Night	CONFIRMED	跑馬地馬場	跑馬地夜馬
2021-05-02	ST	Day	CONFIRMED	沙田馬場	沙田日馬
2021-04-28	HV	Night	CONFIRMED	跑馬地馬場	跑馬地夜馬
2021-04-25	ST	Day	CONFIRMED	沙田馬場	沙田日馬 - 富衛保險冠軍賽馬日
2021-04-21	HV	Night	CONFIRMED	跑馬地馬場	跑馬地夜馬
2021-04-17	ST	Day	CONFIRMED	沙田馬場	沙田日馬
2021-04-14	HV	Night	CONFIRMED	跑馬地馬場	跑馬地夜馬
2021-04-11	ST	Day	CONFIRMED	沙田馬場	沙田日馬
2021-04-05	ST	Day	CONFIRMED	沙田馬場	沙田日馬 - 復活節
2021-03-31	ST	Night	CONFIRMED	沙田馬場	沙田夜馬
2021-03-28	ST	Day	CONFIRMED	沙田馬場	沙田日馬
2021-03-24	HV	Night	CONFIRMED	跑馬地馬場	跑馬地夜馬
2021-03-21	ST	Day	CONFIRMED	沙田馬場	沙田日馬 - 寶馬香港打吡大賽
2021-03-17	HV	Night	CONFIRMED	跑馬地馬場	跑馬地夜馬
2021-03-13	ST	Day	CONFIRMED	沙田馬場	沙田日馬
2021-03-10	HV	Night	CONFIRMED	跑馬地馬場	跑馬地夜馬
2021-03-07	ST	Day	CONFIRMED	沙田馬場	沙田日馬
2021-03-03	HV	Night	CONFIRMED	跑馬地馬場	跑馬地夜馬
2021-02-28	ST	Day	CONFIRMED	沙田馬場	沙田日馬
2021-02-24	HV	Night	CONFIRMED	跑馬地馬場	跑馬地夜馬
2021-02-21	ST	Day	CONFIRMED	沙田馬場	沙田日馬 - 花旗銀行香港金盃/女皇銀禧紀念盃
2021-02-17	HV	Night	CONFIRMED	跑馬地馬場	跑馬地夜馬
2021-02-14	ST	Day	CONFIRMED	沙田馬場	沙田日馬 - 農曆新年
2021-02-10	HV	Night	CONFIRMED	跑馬地馬場	跑馬地夜馬
2021-02-06	ST	Day	CONFIRMED	沙田馬場	沙田日馬
2021-02-03	HV	Night	CONFIRMED	跑馬地馬場	跑馬地夜馬
2021-01-31	ST	Day	CONFIRMED	沙田馬場	沙田日馬
2021-01-27	HV	Night	CONFIRMED	跑馬地馬場	跑馬地夜馬
2021-01-24	ST	Day	CONFIRMED	沙田馬場	沙田日馬 - 百週年紀念短途盃/董事盃
2021-01-20	HV	Night	CONFIRMED	跑馬地馬場	跑馬地夜馬
2021-01-17	ST	Day	CONFIRMED	沙田馬場	沙田日馬
2021-01-13	HV	Night	CONFIRMED	跑馬地馬場	跑馬地夜馬
2021-01-10	ST	Day	CONFIRMED	沙田馬場	沙田日馬
2021-01-06	HV	Night	CONFIRMED	跑馬地馬場	跑馬地夜馬
2021-01-01	ST	Day	CONFIRMED	沙田馬場	沙田日馬 - 新年
2020-12-26	ST	Day	CONFIRMED	沙田馬場	沙田日馬
2020-12-23	HV	Night	CONFIRMED	跑馬地馬場	跑馬地夜馬
2020-12-20	ST	Day	CONFIRMED	沙田馬場	沙田日馬
2020-12-16	HV	Night	CONFIRMED	跑馬地馬場	跑馬地夜馬
2020-12-13	ST	Day	CONFIRMED	沙田馬場	沙田日馬 - 浪琴表香港國際賽事
2020-12-09	HV	Night	CONFIRMED	跑馬地馬場	跑馬地夜馬
2020-12-06	ST	Day	CONFIRMED	沙田馬場	沙田日馬
2020-12-02	HV	Night	CONFIRMED	跑馬地馬場	跑馬地夜馬
2020-11-29	ST	Day	CONFIRMED	沙田馬場	沙田日馬
2020-11-25	HV	Night	CONFIRMED	跑馬地馬場	跑馬地夜馬
2020-11-22	ST	Day	CONFIRMED	沙田馬場	沙田日馬
2020-11-18	HV	Night	CONFIRMED	跑馬地馬場	跑馬地夜馬
2020-11-14	ST	Day	CONFIRMED	沙田馬場	沙田日馬
2020-11-11	HV	Night	CONFIRMED	跑馬地馬場	跑馬地夜馬
2020-11-08	HV	Day	CONFIRMED	跑馬地馬場	跑馬地日馬
2020-11-04	ST	Night	CONFIRMED	沙田馬場	沙田夜馬
2020-11-01	ST	Day	CONFIRMED	沙田馬場	沙田日馬
2021-05-19	HV	Night	CONFIRMED	跑馬地馬場	跑馬地夜馬
2021-05-23	ST	Day	CONFIRMED	沙田馬場	沙田日馬 - 渣打冠軍暨遮打盃
2020-07-15	HV	Night	CONFIRMED	跑馬地馬場	跑馬地夜馬
2020-07-12	ST	Day	CONFIRMED	沙田馬場	沙田日馬
2020-07-08	HV	Night	CONFIRMED	跑馬地馬場	跑馬地夜馬
2020-07-05	ST	Day	CONFIRMED	沙田馬場	沙田日馬
2020-07-01	ST	Day	CONFIRMED	沙田馬場	沙田日馬
2020-06-27	ST	Day	CONFIRMED	沙田馬場	沙田日馬
2020-06-24	HV	Night	CONFIRMED	跑馬地馬場	跑馬地夜馬
2020-06-21	ST	Day	CONFIRMED	沙田馬場	沙田日馬
2020-06-14	ST	Day	CONFIRMED	沙田馬場	沙田日馬
2020-06-10	HV	Night	CONFIRMED	跑馬地馬場	跑馬地夜馬
2020-06-07	ST	Day	CONFIRMED	沙田馬場	沙田日馬
2020-06-03	HV	Night	CONFIRMED	跑馬地馬場	跑馬地夜馬
2020-05-31	ST	Day	CONFIRMED	沙田馬場	沙田日馬
2020-05-27	ST	Night	CONFIRMED	沙田馬場	沙田夜馬
2020-05-24	ST	Day	CONFIRMED	沙田馬場	沙田日馬 - 渣打冠軍暨遮打盃
2020-05-20	HV	Night	CONFIRMED	跑馬地馬場	跑馬地夜馬
2020-05-17	ST	Day	CONFIRMED	沙田馬場	沙田日馬
2020-05-13	HV	Night	CONFIRMED	跑馬地馬場	跑馬地夜馬
2020-05-09	ST	Day	CONFIRMED	沙田馬場	沙田日馬
2020-05-06	HV	Night	CONFIRMED	跑馬地馬場	跑馬地夜馬
2020-05-03	ST	Day	CONFIRMED	沙田馬場	沙田日馬
2020-04-29	HV	Night	CONFIRMED	跑馬地馬場	跑馬地夜馬
2020-04-26	ST	Day	CONFIRMED	沙田馬場	沙田日馬 - 富衛保險冠軍賽馬日
2020-04-22	HV	Night	CONFIRMED	跑馬地馬場	跑馬地夜馬
2020-04-19	ST	Day	CONFIRMED	沙田馬場	沙田日馬
2020-04-15	HV	Night	CONFIRMED	跑馬地馬場	跑馬地夜馬
2020-04-12	ST	Day	CONFIRMED	沙田馬場	沙田日馬
2020-04-08	HV	Night	CONFIRMED	跑馬地馬場	跑馬地夜馬
2020-04-05	ST	Day	CONFIRMED	沙田馬場	沙田日馬
2020-04-01	ST	Night	CONFIRMED	沙田馬場	沙田夜馬
2020-03-29	ST	Day	CONFIRMED	沙田馬場	沙田日馬
2020-03-25	HV	Night	CONFIRMED	跑馬地馬場	跑馬地夜馬
2020-03-22	ST	Day	CONFIRMED	沙田馬場	沙田日馬 - 寶馬香港打吡大賽
2020-03-18	HV	Night	CONFIRMED	跑馬地馬場	跑馬地夜馬
2020-03-14	ST	Day	CONFIRMED	沙田馬場	沙田日馬
2020-03-11	HV	Night	CONFIRMED	跑馬地馬場	跑馬地夜馬
2020-03-08	ST	Day	CONFIRMED	沙田馬場	沙田日馬
2020-03-04	HV	Night	CONFIRMED	跑馬地馬場	跑馬地夜馬
2020-03-01	ST	Day	CONFIRMED	沙田馬場	沙田日馬
2020-02-26	HV	Night	CONFIRMED	跑馬地馬場	跑馬地夜馬
2020-02-23	ST	Day	CONFIRMED	沙田馬場	沙田日馬
2020-02-19	ST	Night	CONFIRMED	沙田馬場	沙田夜馬
2020-02-16	ST	Day	CONFIRMED	沙田馬場	沙田日馬 - 「花旗銀行香港金盃」、「女皇銀禧紀念盃」
2020-02-12	HV	Night	CONFIRMED	跑馬地馬場	跑馬地夜馬
2020-02-08	ST	Day	CONFIRMED	沙田馬場	沙田日馬
2020-02-05	HV	Night	CONFIRMED	跑馬地馬場	跑馬地夜馬
2020-01-15	HV	Night	CONFIRMED	跑馬地馬場	跑馬地夜馬
2020-01-19	ST	Day	CONFIRMED	沙田馬場	沙田日馬 - 「董事盃」及「百週年紀念短途盃」
2020-01-22	HV	Night	CONFIRMED	跑馬地馬場	跑馬地夜馬
2020-01-27	ST	Day	CONFIRMED	沙田馬場	沙田日馬
2020-01-29	HV	Night	CONFIRMED	跑馬地馬場	跑馬地夜馬
2020-02-02	ST	Day	CONFIRMED	沙田馬場	沙田日馬
2020-01-11	ST	Day	CONFIRMED	沙田馬場	沙田日馬
2019-12-15	ST	Day	CONFIRMED	沙田馬場	沙田日馬
2020-01-08	HV	Night	CONFIRMED	跑馬地馬場	跑馬地夜馬
2020-01-05	ST	Day	CONFIRMED	沙田馬場	沙田日馬
2020-01-01	ST	Day	CONFIRMED	沙田馬場	沙田日馬 - 「好運1月1」賽馬日
2019-12-29	ST	Day	CONFIRMED	沙田馬場	沙田日馬
2019-12-26	HV	Night	CONFIRMED	跑馬地馬場	跑馬地夜馬
2019-12-21	ST	Day	CONFIRMED	沙田馬場	沙田日馬
2019-12-18	HV	Night	CONFIRMED	跑馬地馬場	跑馬地夜馬
2019-12-11	HV	Night	CONFIRMED	跑馬地馬場	跑馬地夜馬
2019-12-08	ST	Day	CONFIRMED	沙田馬場	沙田日馬 - 浪琴表香港國際賽
2019-12-04	HV	Night	CONFIRMED	跑馬地馬場	跑馬地夜馬
2019-12-01	ST	Day	CONFIRMED	沙田馬場	沙田日馬
2019-11-27	HV	Night	CONFIRMED	跑馬地馬場	跑馬地夜馬
2019-11-23	ST	Day	CONFIRMED	沙田馬場	沙田日馬
2019-11-20	HV	Night	CONFIRMED	跑馬地馬場	跑馬地夜馬
2019-11-17	ST	Day	CONFIRMED	沙田馬場	沙田日馬
2019-11-13	HV	Night	CONFIRMED	跑馬地馬場	跑馬地夜馬
2019-11-09	ST	Day	CONFIRMED	沙田馬場	沙田日馬
2019-11-06	HV	Night	CONFIRMED	跑馬地馬場	跑馬地夜馬
2019-11-03	ST	Day	CONFIRMED	沙田馬場	沙田日馬
2019-10-30	HV	Night	CONFIRMED	跑馬地馬場	跑馬地夜馬
2019-10-27	ST	Day	CONFIRMED	沙田馬場	沙田日馬
2019-10-23	HV	Night	CONFIRMED	跑馬地馬場	跑馬地夜馬
2019-10-20	ST	Day	CONFIRMED	沙田馬場	沙田日馬
2019-10-16	HV	Night	CONFIRMED	跑馬地馬場	跑馬地夜馬
2019-10-12	ST	Day	CONFIRMED	沙田馬場	沙田日馬
2019-10-09	HV	Night	CONFIRMED	跑馬地馬場	跑馬地夜馬
2019-10-06	ST	Day	CONFIRMED	沙田馬場	沙田日馬
2019-10-01	ST	Day	CONFIRMED	沙田馬場	沙田日馬
2019-09-25	HV	Night	CONFIRMED	跑馬地馬場	跑馬地夜馬
2019-09-21	ST	Day	CONFIRMED	沙田馬場	沙田日馬
2019-09-18	HV	Night	CONFIRMED	跑馬地馬場	跑馬地夜馬
2019-09-15	ST	Day	CONFIRMED	沙田馬場	沙田日馬
2019-09-11	HV	Night	CONFIRMED	跑馬地馬場	跑馬地夜馬
2019-09-08	ST	Day	CONFIRMED	沙田馬場	沙田日馬
2019-09-01	ST	Day	CONFIRMED	沙田馬場	沙田日馬
2019-07-14	ST	Day	CONFIRMED	沙田馬場	沙田日馬
2019-07-10	HV	Night	CONFIRMED	跑馬地馬場	跑馬地夜馬
2019-07-07	ST	Day	CONFIRMED	沙田馬場	沙田日馬
2019-07-03	HV	Night	CONFIRMED	跑馬地馬場	跑馬地夜馬
2019-06-26	HV	Night	CONFIRMED	跑馬地馬場	跑馬地夜馬
2019-06-23	ST	Day	CONFIRMED	沙田馬場	沙田日馬 - 精英盃及精英碟
2019-06-16	ST	Day	CONFIRMED	沙田馬場	沙田日馬
2019-06-12	ST	Night	CONFIRMED	沙田馬場	沙田夜馬
2019-06-08	ST	Day	CONFIRMED	沙田馬場	沙田日馬
2019-06-05	HV	Night	CONFIRMED	跑馬地馬場	跑馬地夜馬
2019-06-02	ST	Day	CONFIRMED	沙田馬場	沙田日馬 - 獅子山錦標
2019-05-29	HV	Night	CONFIRMED	跑馬地馬場	跑馬地夜馬 - 快活谷法國之夜派對
2019-05-26	ST	Day	CONFIRMED	沙田馬場	沙田日馬 - 渣打冠軍暨遮打盃 - 頭場開跑時間 12:30 pm
2019-05-22	HV	Night	CONFIRMED	跑馬地馬場	跑馬地夜馬 - 快活谷法國之夜派對 - 頭場開跑時間 7:15 pm
2019-05-18	ST	Day	CONFIRMED	沙田馬場	沙田日馬 - 頭場開跑時間 1:00pm
2019-05-11	ST	Day	CONFIRMED	沙田馬場	沙田日馬 - 「港澳盃」- 頭場開跑時間 1:00pm
2019-05-15	HV	Night	CONFIRMED	跑馬地馬場	跑馬地夜馬 - 快活谷法國之夜派對 - 頭場開跑時間 7:15 pm
2019-05-08	ST	Night	CONFIRMED	沙田馬場	沙田夜馬 - 頭場開跑時間 7:15 pm
2019-05-05	ST	Day	CONFIRMED	沙田馬場	沙田日馬 - 主席賽馬日 - 頭場開跑時間 12:30 pm
2019-05-01	HV	Night	CONFIRMED	跑馬地馬場	跑馬地夜馬 - 快活谷韓國之夜派對 - 頭場開跑時間 7:15 pm
2019-04-28	ST	Day	CONFIRMED	沙田馬場	沙田日馬 - 富衛保險冠軍賽馬日 - 頭場開跑時間 12:45 pm
2019-04-24	HV	Night	CONFIRMED	跑馬地馬場	跑馬地夜馬 -《富衛保險冠軍賽馬日》前奏夜 - 頭場開跑時間 7:15 pm
2019-04-22	ST	Day	CONFIRMED	沙田馬場	沙田日馬 - 頭場開跑時間 1:00pm
2019-04-17	HV	Night	CONFIRMED	跑馬地馬場	跑馬地夜馬 - 快活谷復活節派對 - 頭場開跑時間 7:15 pm
2019-04-14	ST	Day	CONFIRMED	沙田馬場	沙田日馬 - 頭場開跑時間 12:30 pm
2019-04-10	HV	Night	CONFIRMED	跑馬地馬場	跑馬地夜馬 - 快活谷嘉年華 - 頭場開跑時間 7:15 pm
2019-04-07	ST	Day	CONFIRMED	沙田馬場	沙田日馬 - 短途錦標及主席錦標 - 頭場開跑時間 1:00pm
2019-04-03	ST	Night	CONFIRMED	沙田馬場	沙田夜馬 - 頭場開跑時間 7:15 pm
2019-03-31	ST	Day	CONFIRMED	沙田馬場	沙田日馬 - 頭場開跑時間12:45pm
2019-03-27	HV	Night	CONFIRMED	跑馬地馬場	跑馬地夜馬 - 快活谷嘉年華 - 頭場開跑時間 7:15 pm
2019-03-20	HV	Night	CONFIRMED	跑馬地馬場	跑馬地夜馬 - St. Paddy’s Day派對 - 頭場開跑時間 7:15 pm
2019-03-24	ST	Day	CONFIRMED	沙田馬場	沙田日馬- 頭場開跑時間12:45pm
2019-03-23	NA	Day	CONFIRMED		從化日馬 - 頭場開跑時間2:30pm
2019-03-17	ST	Day	CONFIRMED	沙田馬場	沙田日馬 - 寶馬香港打吡大賽 - 頭場開跑時間 1:00 pm
2019-03-13	HV	Night	CONFIRMED	跑馬地馬場	跑馬地夜馬 - 快活谷打吡前奏夜  - 頭場開跑時間 7:15 pm
2019-03-10	ST	Day	CONFIRMED	沙田馬場	沙田日馬 - 頭場開跑時間 12:30pm
2019-03-06	HV	Night	CONFIRMED	跑馬地馬場	跑馬地夜馬 - 快活谷音樂夜 - 頭場開跑時間 7:15 pm
2019-03-02	ST	Day	CONFIRMED	沙田馬場	沙田日馬 - 頭場開跑時間 1:00pm
2019-02-27	HV	Night	CONFIRMED	跑馬地馬場	跑馬地夜馬 - 快活谷音樂夜 - 頭場開跑時間 7:15 pm
2019-02-24	ST	Day	CONFIRMED	沙田馬場	沙田日馬 - 頭場開跑時間 1:00pm
2019-02-20	HV	Night	CONFIRMED	跑馬地馬場	跑馬地夜馬- 快活谷音樂夜 - 頭場開跑時間 7:15 pm
2019-02-17	ST	Day	CONFIRMED	沙田馬場	沙田日馬 - 「花旗銀行香港金盃」、「女皇銀禧紀念盃」及「香港經典盃」- 頭場開跑時間 1:00pm
2019-02-07	ST	Day	CONFIRMED	沙田馬場	沙田日馬 - 頭場開跑時間 12:30pm
2019-02-13	HV	Night	CONFIRMED	跑馬地馬場	跑馬地夜馬 - 「香港航空百萬挑戰盃」壓軸戰 - 頭場開跑時間 6:45pm
2019-02-10	ST	Day	CONFIRMED	沙田馬場	沙田日馬 - 頭場開跑時間 1:00pm
2019-02-02	ST	Day	CONFIRMED	沙田馬場	沙田日馬 - 頭場開跑時間 1:00pm
2019-01-27	ST	Day	CONFIRMED	沙田馬場	沙田日馬 - 香港經典一哩賽 - 頭場開跑時間 1:00pm
2019-01-30	HV	Night	CONFIRMED	跑馬地馬場	跑馬地夜馬 - 快活谷賀年派對 - 頭場開跑時間 7:15 pm
2019-01-23	HV	Night	CONFIRMED	跑馬地馬場	跑馬地夜馬 - 酒.在快活谷 - 頭場開跑時間 7:15 pm
2019-01-20	ST	Day	CONFIRMED	沙田馬場	沙田日馬 - 「董事盃」及「百週年紀念短途盃」 - 頭場開跑時間 1:00pm
2019-01-16	HV	Night	CONFIRMED	跑馬地馬場	跑馬地夜馬 - 酒.在快活谷 - 頭場開跑時間 7:15 pm
2019-01-12	ST	Day	CONFIRMED	沙田馬場	沙田日馬 - 頭場開跑時間 1:00pm
2019-01-09	HV	Night	CONFIRMED	跑馬地馬場	跑馬地夜馬 - 酒.在快活谷 - 頭場開跑時間 7:15 pm
2019-01-06	ST	Day	CONFIRMED	沙田馬場	沙田日馬 - 頭場開跑時間 1:00pm
2019-01-01	ST	Day	CONFIRMED	沙田馬場	沙田日馬 - 「好運1月1」賽馬日 - 頭場開跑時間 12:30pm
2018-12-29	ST	Day	CONFIRMED	沙田馬場	沙田日馬 - 沙田馬場40週年紀念日
2018-12-26	HV	Night	CONFIRMED	跑馬地馬場	跑馬地夜馬 - 快活谷聖誕派對
2018-12-23	ST	Day	CONFIRMED	沙田馬場	沙田日馬 - 頭場開跑時間 12:30pm
2018-12-19	ST	Night	CONFIRMED	沙田馬場	沙田夜馬 - 頭場開跑時間 7:15 pm
2018-12-16	ST	Day	CONFIRMED	沙田馬場	沙田日馬 - 六福珠寶賽馬日 - 頭場開跑時間 12:30pm
2018-12-12	HV	Night	CONFIRMED	跑馬地馬場	跑馬地夜馬 - 快活谷聖誕派對 - 頭場開跑時間 7:15 pm
2018-12-09	ST	Day	CONFIRMED	沙田馬場	沙田日馬 - 浪琴表香港國際賽 - 頭場開跑時間 12:25pm
2018-12-05	HV	Night	CONFIRMED	跑馬地馬場	跑馬地夜馬 - 浪琴表國際騎師錦標賽 - 頭場開跑時間 6:30 pm
2018-11-28	HV	Night	CONFIRMED	跑馬地馬場	跑馬地夜馬 - 浪琴表國際騎師錦標賽熱身派對 - 頭場開跑時間 7:15 pm
2018-11-21	HV	Night	CONFIRMED	跑馬地馬場	跑馬地夜馬 - 日本之夜 - 頭場開跑時間 7:15 pm
2018-12-02	ST	Day	CONFIRMED	沙田馬場	沙田日馬 - 頭場開跑時間 1:00pm
2018-11-25	ST	Day	CONFIRMED	沙田馬場	沙田日馬 - 頭場開跑時間 12:45 pm
2018-10-29	ST	Day	CONFIRMED	沙田馬場	沙田日馬 - 頭場開跑時間 12:45pm
2018-11-18	ST	Day	CONFIRMED	沙田馬場	沙田日馬 - 中銀香港賽馬日 - 頭場開跑時間 1:00pm
2018-11-14	HV	Night	CONFIRMED	跑馬地馬場	跑馬地夜馬 - 日本之夜 - 頭場開跑時間 7:15 pm
2018-11-10	ST	Day	CONFIRMED	沙田馬場	沙田日馬 - 頭場開跑時間 1:00 pm
2018-11-07	HV	Night	CONFIRMED	跑馬地馬場	跑馬地夜馬 - 日本之夜 - 頭場開跑時間 7:15pm
2018-11-04	ST	Day	CONFIRMED	沙田馬場	沙田日馬 - 莎莎婦女銀袋日 - 頭場開跑時間 13:00pm
2018-10-31	ST	Night	CONFIRMED	沙田馬場	沙田夜馬 - 頭場開跑時間 7:15pm
2018-10-28	HV	Day	CONFIRMED	跑馬地馬場	跑馬地日馬 - 頭場開跑時間 12:45pm
2018-10-24	HV	Night	CONFIRMED	跑馬地馬場	跑馬地夜馬 - 澳洲主題派對 - 頭場開跑時間 7:15pm
2018-10-21	ST	Day	CONFIRMED	沙田馬場	沙田日馬 - 頭場開跑時間 1:00pm
2018-10-18	HV	Night	CONFIRMED	跑馬地馬場	跑馬地夜馬 - Happy Wednesday - 頭場開跑時間 7:15pm
2018-10-13	ST	Day	CONFIRMED	沙田馬場	沙田日馬 - 頭場開跑時間 1:00pm
2018-10-10	HV	Night	CONFIRMED	跑馬地馬場	跑馬地夜馬 - 快活谷啤酒節 - 頭場開跑時間 7:15pm
2018-10-03	HV	Night	CONFIRMED	跑馬地馬場	跑馬地夜馬 - 快活谷啤酒節 - 頭場開跑時間 7:15pm
2018-10-07	ST	Day	CONFIRMED	沙田馬場	沙田日馬 - 頭場開跑時間 1:00pm
2018-10-01	ST	Day	CONFIRMED	沙田馬場	沙田日馬 - 國慶賽馬日 - 頭場開跑時間 1:00pm
2018-09-26	HV	Night	CONFIRMED	跑馬地馬場	跑馬地夜馬 - 快活谷啤酒節- 頭場開跑時間 7:15pm
2018-09-22	ST	Day	CONFIRMED	沙田馬場	沙田日馬 - 頭場開跑時間 1:00pm
2019-07-01	ST	Day	CONFIRMED	沙田馬場	沙田日馬
2018-09-12	HV	Night	CONFIRMED	跑馬地馬場	跑馬地夜馬 - Happy Wednesday 強勢回歸 - 頭場開跑時間 7:15pm
2018-09-09	ST	Day	CONFIRMED	沙田馬場	沙田日馬 - 頭場開跑時間 12:50pm
2018-09-05	HV	Night	CONFIRMED	跑馬地馬場	跑馬地夜馬 - Happy Wednesday 強勢回歸 - 頭場開跑時間 7:15pm
2018-09-02	ST	Day	CONFIRMED	沙田馬場	沙田日馬 - 馬季開鑼 - 頭場開跑時間 1:00pm
2018-07-15	ST	Day	CONFIRMED	沙田馬場	沙田日馬 - 馬季煞科日 - 頭場開跑時間 12:30 pm
2018-07-11	HV	Night	CONFIRMED	跑馬地馬場	跑馬地夜馬 - Happy Wednesday 壓軸夜 - 頭場開跑時間 7:15pm
2018-07-08	ST	Day	CONFIRMED	沙田馬場	沙田日馬 - 頭場開跑時間 12:30 pm
2018-07-04	HV	Night	CONFIRMED	跑馬地馬場	跑馬地夜馬 - Happy Wednesday 夏日嘉年華 - 頭場開跑時間 7:15pm
2018-07-01	ST	Day	CONFIRMED	沙田馬場	沙田日馬 - 頭場開跑時間 1:00 pm
2018-04-11	HV	Night	CONFIRMED	跑馬地馬場	跑馬地夜馬 - 韓國之夜 - 頭場開跑時間 7:15 pm
2018-05-06	ST	Day	CONFIRMED	沙田馬場	沙田日馬 - 頭場開跑時間 12:30 pm
2018-04-08	ST	Day	CONFIRMED	沙田馬場	沙田日馬 - 頭場開跑時間1:00pm
2018-04-02	ST	Day	CONFIRMED	沙田馬場	沙田日馬 - 復活節賽馬日 - 頭場開跑時間1:00pm
2017-11-05	ST	Day	CONFIRMED	沙田馬場	沙田日馬 - 莎莎婦女銀袋日 - 頭場開跑時間 1:00pm
2018-04-18	HV	Night	CONFIRMED	跑馬地馬場	跑馬地夜馬 - 韓國之夜 - 頭場開跑時間 7:15 pm
2018-05-02	ST	Night	CONFIRMED	沙田馬場	沙田夜馬 - 頭場開跑時間 7:15 pm
2018-04-21	ST	Day	CONFIRMED	沙田馬場	沙田日馬 - 頭場開跑時間1:00pm
2018-04-29	ST	Day	CONFIRMED	沙田馬場	沙田日馬 - 冠軍賽馬日 - 頭場開跑時間12:45pm
2018-04-25	HV	Night	CONFIRMED	跑馬地馬場	跑馬地夜馬 - 韓國之夜 - 頭場開跑時間 7:15 pm
2018-06-27	HV	Night	CONFIRMED	跑馬地馬場	跑馬地夜馬 - Happy Wednesday 夏日嘉年華 - 頭場開跑時間 7:15pm
2018-06-24	ST	Day	CONFIRMED	沙田馬場	沙田日馬 - 精英盃及精英碟 - 頭場開跑時間 1:00 pm
2018-06-16	ST	Day	CONFIRMED	沙田馬場	沙田日馬 - 頭場開跑時間 1:00 pm
2018-06-13	HV	Night	CONFIRMED	跑馬地馬場	跑馬地夜馬 - Happy Wednesday 夏日嘉年華 - 頭場開跑時間 7:15pm
2018-06-10	ST	Day	CONFIRMED	沙田馬場	沙田日馬 - 頭場開跑時間 12:30 pm
2018-06-06	HV	Night	CONFIRMED	跑馬地馬場	跑馬地夜馬 - Happy Wednesday 夏日嘉年華- 頭場開跑時間 7:15pm
2018-06-03	ST	Day	CONFIRMED	沙田馬場	沙田日馬 - 頭場開跑時間 12:45 pm
2018-05-30	ST	Night	CONFIRMED	沙田馬場	沙田夜馬 - 頭場開跑時間 7:15pm
2018-05-27	ST	Day	CONFIRMED	沙田馬場	沙田日馬 - 渣打冠軍暨遮打盃 - 頭場開跑時間 12:30 pm
2018-05-23	HV	Night	CONFIRMED	跑馬地馬場	跑馬地夜馬 - 法國之夜 - 頭場開跑時間 7:15 pm
2018-05-20	ST	Day	CONFIRMED	沙田馬場	沙田日馬 - 頭場開跑時間1:00pm
2018-05-16	HV	Night	CONFIRMED	跑馬地馬場	跑馬地夜馬 - 法國之夜 - 頭場開跑時間 7:15 pm
2018-05-12	ST	Day	CONFIRMED	沙田馬場	沙田日馬 - 頭場開跑時間1:00pm
2018-05-09	HV	Night	CONFIRMED	跑馬地馬場	跑馬地夜馬 - 法國之夜 - 頭場開跑時間 7:15 pm
2018-04-15	ST	Day	CONFIRMED	沙田馬場	沙田日馬 - 頭場開跑時間 12:30pm
2018-03-28	HV	Night	CONFIRMED	跑馬地馬場	跑馬地夜馬 -Happy Wednesday Easter - 頭場開跑時間 7:15 pm
2018-03-25	ST	Day	CONFIRMED	沙田馬場	沙田日馬 - 頭場開跑時間 12:45pm
2018-03-21	HV	Night	CONFIRMED	跑馬地馬場	跑馬地夜馬 - Happy Wednesday Easter - 頭場開跑時間 7:15 pm
2018-01-21	ST	Day	CONFIRMED	The Hong Kong Jockey Club Sha Tin Racecourse Stand, Sha Tin, Hong Kong, Sha Tin, Hong Kong	沙田日馬 - 香港經典一哩賽 - 頭場開跑時間 1:00pm
2018-02-18	ST	Day	CONFIRMED	The Hong Kong Jockey Club Sha Tin Racecourse Stand, Sha Tin, Hong Kong, Sha Tin, Hong Kong	沙田日馬 - 頭場開跑時間 12:30pm
2018-02-04	ST	Day	CONFIRMED	沙田馬場	沙田日馬 - 百週年紀念銀瓶 - 頭場開跑時間 1:00pm
2017-10-11	HV	Night	CONFIRMED	跑馬地馬場	跑馬地夜馬 - Oktoberfest - 頭場開跑時間 7:15pm
2018-03-18	ST	Day	CONFIRMED	沙田馬場	沙田日馬 - 寶馬香港打吡大賽 - 頭場開跑時間1:00pm
2018-03-14	HV	Night	CONFIRMED	跑馬地馬場	跑馬地夜馬 - Happy Wednesday之St. Patrick’s Night - 頭場開跑時間7:15pm
2018-03-11	ST	Day	CONFIRMED	沙田馬場	沙田日馬 - 頭場開跑時間1:00pm
2018-03-03	ST	Day	CONFIRMED	沙田馬場	沙田日馬 - 頭場開跑時間1:00pm
2018-02-28	ST	Night	CONFIRMED	沙田馬場	沙田夜馬 - 頭場開跑時間7:15pm
2018-03-07	HV	Night	CONFIRMED	跑馬地馬場	跑馬地夜馬 - Happy Wednesday之St. Patrick’s Night - 頭場開跑時間7:15pm
2018-02-25	ST	Day	CONFIRMED	沙田馬場	沙田日馬 - 花旗銀行香港金盃/女皇銀禧紀念盃 - 頭場開跑時間 12:30pm
2018-02-21	HV	Night	CONFIRMED	跑馬地馬場	跑馬地夜馬  - 頭場開跑時間6:45pm
2018-02-14	HV	Night	CONFIRMED	跑馬地馬場	跑馬地夜馬  - 頭場開跑時間7:15pm
2018-02-10	ST	Day	CONFIRMED	沙田馬場	沙田日馬 - 頭場開跑時間 1:00pm
2018-02-07	HV	Night	CONFIRMED	Happy Valley Racecourse, Happy Valley, Hong Kong	跑馬地夜馬 - 酒在快活谷 - 頭場開跑時間7:15pm
2018-01-31	HV	Night	CONFIRMED	Happy Valley Racecourse, Happy Valley, Hong Kong	跑馬地夜馬 - 酒在快活谷 - 頭場開跑時間7:15pm
2018-01-28	ST	Day	CONFIRMED	The Hong Kong Jockey Club Sha Tin Racecourse Stand, Sha Tin, Hong Kong, Sha Tin, Hong Kong	沙田日馬 - 董事盃及百週年紀念短途盃 - 頭場開跑時間 1:00pm
2018-01-24	ST	Night	CONFIRMED	The Hong Kong Jockey Club Sha Tin Racecourse Stand, Sha Tin, Hong Kong, Sha Tin, Hong Kong	沙田夜馬 - 頭場開跑時間7:15pm
2018-01-17	HV	Night	CONFIRMED	Happy Valley Racecourse, Happy Valley, Hong Kong	跑馬地夜馬 -酒在快活谷 - 頭場開跑時間7:15pm
2018-01-13	ST	Day	CONFIRMED	沙田馬場	沙田日馬 - 頭場開跑時間 1:00pm
2018-01-10	HV	Night	CONFIRMED	跑馬地馬場	跑馬地夜馬 - Happy Wednesday之Bollywood - 頭場開跑時間 7:15pm
2018-01-07	ST	Day	CONFIRMED	沙田馬場	沙田日馬 - 頭場開跑時間 1:00pm
2018-01-01	ST	Day	CONFIRMED	沙田馬場	沙田日馬 - 好運一月一 - 頭場開跑時間 12:30 pm
2017-12-27	HV	Night	CONFIRMED	跑馬地馬場	跑馬地夜馬 - Happy Wednesday之Bollywood - 頭場開跑時間 7:15pm
2017-12-23	ST	Day	CONFIRMED	沙田馬場	沙田日馬 - 頭場開跑時間 1:00pm
2017-12-20	HV	Night	CONFIRMED	跑馬地馬場	跑馬地夜馬 - 谷中聖誕的士高派對 - 頭場開跑時間 7:15pm
2017-12-17	ST	Day	CONFIRMED	沙田馬場	沙田日馬 - 六福珠寶賽馬日 - 頭場開跑時間 1:00pm
2017-12-13	HV	Night	CONFIRMED	跑馬地馬場	跑馬地夜馬 - 谷中聖誕的士高派對 - 頭場開跑時間 7:15pm
2017-12-10	ST	Day	CONFIRMED	沙田馬場	沙田日馬 - 浪琴表香港國際賽事 - 頭場開跑時間 12:25pm
2017-12-06	HV	Night	CONFIRMED	跑馬地馬場	跑馬地夜馬 - 浪琴表國際騎師錦標賽 - 頭場開跑時間 6:30pm
2017-12-03	ST	Day	CONFIRMED	沙田馬場	沙田日馬 - 頭場開跑時間 1:00pm
2017-11-29	HV	Night	CONFIRMED	跑馬地馬場	跑馬地夜馬 - 頭場開跑時間 7:15pm
2017-11-26	ST	Day	CONFIRMED	沙田馬場	沙田日馬 - 頭場開跑時間 12:45pm
2017-11-22	HV	Night	CONFIRMED	跑馬地馬場	跑馬地夜馬 - 日本之夜 - 頭場開跑時間 7:15pm
2017-11-19	ST	Day	CONFIRMED	沙田馬場	沙田日馬 - 「中銀香港賽馬日」 - 頭場開跑時間 1:00pm
2017-11-15	HV	Night	CONFIRMED	跑馬地馬場	跑馬地夜馬 - 日本之夜 - 頭場開跑時間 7:15pm
2017-11-11	ST	Day	CONFIRMED	沙田馬場	沙田日馬 - 頭場開跑時間 1:00pm
2017-11-08	HV	Night	CONFIRMED	跑馬地馬場	跑馬地夜馬 - 日本之夜 - 頭場開跑時間 7:15pm
2017-11-01	ST	Night	CONFIRMED	沙田馬場	沙田夜馬 - 頭場開跑時間 7:15pm
2017-10-29	HV	Day	CONFIRMED	跑馬地馬場	跑馬地日馬 - 頭場開跑時間 1:00pm
2017-10-25	HV	Night	CONFIRMED	跑馬地馬場	跑馬地夜馬 - Oktoberfest - 頭場開跑時間 7:15pm
2017-10-22	ST	Day	CONFIRMED	沙田馬場	沙田日馬 - 時尚煲呔賽馬日 - 頭場開跑時間 1:00pm
2017-10-18	HV	Night	CONFIRMED	跑馬地馬場	跑馬地夜馬 - Oktoberfest - 頭場開跑時間 7:15pm
2017-10-14	ST	Day	CONFIRMED	沙田馬場	沙田日馬 - 頭場開跑時間 1:00pm
2017-10-08	ST	Day	CONFIRMED	沙田馬場	沙田日馬 - 頭場開跑時間 1:00pm
2017-10-05	HV	Night	CONFIRMED	跑馬地馬場	跑馬地夜馬 - Oktoberfest - 頭場開跑時間 7:15pm
2017-10-01	ST	Day	CONFIRMED	沙田馬場	沙田日馬 - 國慶賽馬日 - 頭場開跑時間 12:45pm
2017-09-27	HV	Night	CONFIRMED	跑馬地馬場	跑馬地夜馬 - Happy Wednesday澳洲主題派對 - 頭場開跑時間 7:15pm
2017-09-24	ST	Day	CONFIRMED	沙田馬場	沙田日馬 - 頭場開跑時間 1:00pm
2017-09-16	ST	Day	CONFIRMED	沙田馬場	沙田日馬 - 頭場開跑時間 1:00pm
2017-09-20	HV	Night	CONFIRMED	跑馬地馬場	跑馬地夜馬 - Happy Wednesday澳洲主題派對 - 頭場開跑時間 7:15pm
2017-09-13	HV	Night	CONFIRMED	跑馬地馬場	跑馬地夜馬 - Happy Wednesday's back - 頭場開跑時間 7:15pm
2017-09-10	ST	Day	CONFIRMED	沙田馬場	沙田日馬 - 頭場開跑時間 12:35pm
2017-09-03	ST	Day	CONFIRMED	沙田馬場	沙田日馬 - 馬季開鑼日 - 頭場開跑時間 1:00pm
2017-09-06	HV	Night	CONFIRMED	跑馬地馬場	跑馬地夜馬 - Happy Wednesday is back - 頭場開跑時間 7:15pm
2017-07-16	ST	Day	CONFIRMED	沙田馬場	沙田日馬 - 馬季煞科日 - 頭場開跑時間 12:30pm
2017-07-12	HV	Night	CONFIRMED	跑馬地馬場	跑馬地夜馬 - Happy Wednesday隆重謝幕 - 頭場開跑時間 7:15pm
2017-07-09	ST	Day	CONFIRMED	沙田馬場	沙田日馬 - 頭場開跑時間 12:45pm
2017-07-01	ST	Day	CONFIRMED	沙田馬場	沙田日馬 - 香港共慶回歸賽馬日 - 頭場開跑時間 1:00pm
2017-06-28	HV	Night	CONFIRMED	跑馬地馬場	跑馬地夜馬 - 熱情森巴派對 - 頭場開跑時間 7:15pm
2017-06-25	ST	Day	CONFIRMED	沙田馬場	沙田日馬 - 精英盃及精英碟 - 頭場開跑時間 12:45pm
2017-06-21	HV	Night	CONFIRMED	跑馬地馬場	跑馬地夜馬 - 熱情森巴派對 - 頭場開跑時間 7:15pm
2017-06-18	ST	Day	CONFIRMED	沙田馬場	沙田日馬 - 父親節賽馬日 - 頭場開跑時間 1:00pm
2017-06-14	HV	Night	CONFIRMED	跑馬地馬場	跑馬地夜馬 - 熱情森巴派對 - 頭場開跑時間 7:15pm
2017-06-11	ST	Day	CONFIRMED	沙田馬場	沙田日馬 - 頭場開跑時間 1:00pm
2017-06-07	HV	Night	CONFIRMED	跑馬地馬場	跑馬地夜馬 - 熱情森巴派對 - 頭場開跑時間 7:15pm
2017-06-04	ST	Day	CONFIRMED	沙田馬場	沙田日馬- 頭場開跑時間 12:45pm
2017-05-31	ST	Night	CONFIRMED	沙田馬場	沙田夜馬 - 頭場開跑時間 7:15pm
2017-05-28	ST	Day	CONFIRMED	沙田馬場	沙田日馬 - 渣打冠軍暨遮打盃 - 頭場開跑時間 12:30pm
2017-05-24	HV	Night	CONFIRMED	跑馬地馬場	跑馬地夜馬 - 快活谷法國之夜 - 頭場開跑時間 7:15pm
2017-05-21	ST	Day	CONFIRMED	沙田馬場	沙田日馬 - 頭場開跑時間 1:00pm
2017-05-17	HV	Night	CONFIRMED	跑馬地馬場	跑馬地夜馬 - 快活谷法國之夜 - 頭場開跑時間 7:15pm
2017-05-13	ST	Day	CONFIRMED	沙田馬場	沙田日馬 - 頭場開跑時間 1:00pm
2017-05-03	HV	Night	CONFIRMED	跑馬地馬場	跑馬地夜馬 - Digital Night派對 -  頭場開跑時間 7:15pm
2017-05-10	HV	Night	CONFIRMED	跑馬地馬場	跑馬地夜馬 - 快活谷法國之夜 - 頭場開跑時間 7:15pm
2017-05-07	ST	Day	CONFIRMED	沙田馬場	沙田日馬 - 冠軍一哩賽及主席短途獎 - 頭場開跑時間 1:00pm
2017-04-30	ST	Day	CONFIRMED	沙田馬場	沙田日馬 - 愛彼女皇盃 - 頭場開跑時間 1:00pm
2017-04-26	HV	Night	CONFIRMED	跑馬地馬場	跑馬地夜馬 - Digital Night派對 - 頭場開跑時間 7:15pm
2017-04-23	ST	Day	CONFIRMED	沙田馬場	沙田日馬 - 頭場開跑時間 1:00pm
2017-04-20	HV	Night	CONFIRMED	跑馬地馬場	跑馬地夜馬 - Digital Night派對 - 頭場開跑時間 7:15pm
2017-04-17	ST	Day	CONFIRMED	沙田馬場	沙田日馬 - 頭場開跑時間 1:00pm
2017-04-12	HV	Night	CONFIRMED	跑馬地馬場	跑馬地夜馬 - Hoppy Easter - 頭場7:15pm
2017-04-09	ST	Day	CONFIRMED	沙田馬場	沙田日馬 - 短途錦標及主席錦標 - 頭場開跑時間 1:00pm
2017-04-05	ST	Night	CONFIRMED	沙田馬場	沙田夜馬 - 頭場7:15pm
2017-04-02	ST	Day	CONFIRMED	沙田馬場	沙田日馬 - 頭場 1:00pm
2017-03-29	HV	Night	CONFIRMED	跑馬地馬場	跑馬地夜馬 - Hoppy Easter - 頭場7:15pm
2017-03-26	ST	Day	CONFIRMED	沙田馬場	沙田日馬  - 頭場 12:45pm
2017-03-22	HV	Night	CONFIRMED	跑馬地馬場	跑馬地夜馬 - Happy Wednesday澳洲派對夜 - 頭場 7:15pm
2017-03-19	ST	Day	CONFIRMED	沙田馬場	沙田日馬 - 寶馬香港打吡大賽 - 頭場1:00pm
2017-03-15	HV	Night	CONFIRMED	跑馬地馬場	跑馬地夜馬 - Happy Wednesday澳洲派對夜 - 頭場 7:15pm
2017-03-12	ST	Day	CONFIRMED	沙田馬場	沙田日馬- 頭場1:00pm
2017-03-08	HV	Night	CONFIRMED	跑馬地馬場	跑馬地夜馬 - Happy Wednesday澳洲快活夜 - 頭場 7:15pm
2017-03-05	ST	Day	CONFIRMED	沙田馬場	沙田日馬 - 港澳盃 - 頭場 12:30pm
2017-03-01	ST	Night	CONFIRMED	沙田馬場	沙田夜馬 - 頭場 7:15pm
2017-02-26	ST	Day	CONFIRMED	沙田馬場	沙田日馬 - 花旗銀行香港金盃及女皇銀禧紀念盃 - 頭場 1:00pm
2017-02-22	HV	Night	CONFIRMED	跑馬地馬場	跑馬地夜馬 - 酒‧在快活谷 - 頭場 7:15pm
2017-02-19	ST	Day	CONFIRMED	沙田馬場	沙田日馬 - 香港經典盃 - 頭場 1:00pm
2017-02-15	HV	Night	CONFIRMED	跑馬地馬場	跑馬地夜馬 - 酒‧在快活谷 - 頭場 7:15pm
2017-02-11	ST	Day	CONFIRMED	沙田馬場	沙田日馬 - 頭場 1:00pm
2017-02-08	HV	Night	CONFIRMED	跑馬地馬場	跑馬地夜馬 - 酒．在快活谷 - 頭場 7:15pm
2017-02-05	ST	Day	CONFIRMED	沙田馬場	沙田日馬 - 百周年紀念銀瓶 - 頭場 1:00pm
2017-02-02	HV	Night	CONFIRMED	跑馬地馬場	跑馬地夜馬 - Happy Wednesday 新春派對 - 頭場 7:15pm
2017-01-30	ST	Day	CONFIRMED	沙田馬場	沙田日馬 - 農曆新年賽馬日 - 頭場12:30pm
2017-01-25	HV	Night	CONFIRMED	跑馬地馬場	跑馬地夜馬 - Happy Wednesday 新春派對 - 頭場 6:45pm
2017-01-22	ST	Day	CONFIRMED	沙田馬場	沙田日馬 - 香港經典一哩賽 - 頭場1:00pm
2017-01-18	ST	Night	CONFIRMED	沙田馬場	沙田夜馬 - 頭場 7:15pm
2017-01-14	ST	Day	CONFIRMED	沙田馬場	沙田日馬 - 頭場1:00pm
2017-01-11	HV	Night	CONFIRMED	跑馬地馬場	跑馬地夜馬 - Bollywood Night - 頭場 7:15pm
2017-01-08	ST	Day	CONFIRMED	沙田馬場	沙田日馬 - 頭場1:00pm
2017-01-04	HV	Night	CONFIRMED	跑馬地馬場	跑馬地夜馬 - Bollywood Night - 頭場 7:15pm
2017-01-01	ST	Day	CONFIRMED	沙田馬場	沙田日馬 - 好運一月一 - 頭場12:30pm
2016-12-27	ST	Day	CONFIRMED	沙田馬場	沙田日馬 - 頭場12:30pm
2016-12-22	HV	Night	CONFIRMED	跑馬地馬場	跑馬地夜馬 - Happy Wednesday聖誕派對夜 - 頭場7:15pm
2016-12-17	ST	Day	CONFIRMED	沙田馬場	沙田日馬 - 六福珠寶賽馬日 - 頭場1:00pm
2016-12-14	HV	Night	CONFIRMED	跑馬地馬場	跑馬地夜馬 - Happy Wednesday聖誕派對夜 - 頭場7:15pm
2016-12-11	ST	Day	CONFIRMED	沙田馬場	沙田日馬 - 浪琴表香港國際賽事 - 頭場12:25pm
2016-12-07	HV	Night	CONFIRMED	跑馬地馬場	跑馬地夜馬 - 浪琴表國際騎師錦標賽 - 頭場 6:30pm
2016-12-04	ST	Day	CONFIRMED	沙田馬場	沙田日馬 - 頭場 1:00pm
2016-11-30	HV	Night	CONFIRMED	跑馬地馬場	跑馬地夜馬 - 浪琴表國際騎師錦標賽前奏夜 - 頭場 7:15pm
2016-11-27	ST	Day	CONFIRMED	沙田馬場	沙田日馬 - 頭場 12:15pm
2016-11-23	HV	Night	CONFIRMED	跑馬地馬場	跑馬地夜馬 - 快活谷日本之夜 - 頭場 7:15pm
2016-11-20	ST	Day	CONFIRMED	沙田馬場	沙田日馬 - 頭場 1:00pm
2016-11-16	HV	Night	CONFIRMED	跑馬地馬場	跑馬地夜馬 - 快活谷日本之夜 - 頭場 7:15pm
2016-11-12	ST	Day	CONFIRMED	沙田馬場	沙田日馬 - 頭場 1:00pm
2016-11-09	HV	Night	CONFIRMED	跑馬地馬場	跑馬地夜馬 - 快活谷日本之夜 - 頭場 7:15pm
2016-11-06	ST	Day	CONFIRMED	沙田馬場	沙田日馬 - 莎莎婦女銀袋日 - 頭場 12:30pm
2016-11-02	ST	Night	CONFIRMED	沙田馬場	沙田夜馬 - 頭場 7:15pm
2016-10-30	HV	Day	CONFIRMED	跑馬地馬場	跑馬地日馬 - 頭場 12:45pm
2016-10-26	HV	Night	CONFIRMED	跑馬地馬場	跑馬地夜馬 - Oktoberfest - 頭場 7:15pm
2016-10-19	HV	Night	CONFIRMED	跑馬地馬場	跑馬地夜馬 - Oktoberfest - 頭場 7:30pm
2016-10-23	ST	Day	CONFIRMED	沙田馬場	沙田日馬 - 時尚煲呔日 - 頭場 1:00pm 
2016-10-16	ST	Day	CONFIRMED	沙田馬場	沙田日馬 - 頭場 12:30 pm 
2016-10-12	HV	Night	CONFIRMED	跑馬地馬場	跑馬地夜馬 - Oktoberfest - 頭場 7:15pm
2016-10-08	ST	Day	CONFIRMED	沙田馬場	沙田日馬 - 頭場 1:00pm 
2016-10-05	HV	Night	CONFIRMED	跑馬地馬場	跑馬地夜馬 - Oktoberfest - 頭場 7:15pm
2016-10-01	ST	Day	CONFIRMED	沙田馬場	沙田日馬 - 國慶賽馬日 - 頭場 12:30pm 
2016-09-28	HV	Night	CONFIRMED	跑馬地馬場	跑馬地夜馬 - Happy Wednesday 回歸 - 頭場7:15pm
2016-09-25	ST	Day	CONFIRMED	沙田馬場	頭場 1:00pm - 沙田日馬
2016-09-21	HV	Night	CONFIRMED	跑馬地馬場	頭場7:15pm - Happy Wednesday 回歸 - 跑馬地夜馬
2016-09-18	ST	Day	CONFIRMED	沙田馬場	頭場 1:00pm - 沙田日馬
2016-09-11	ST	Day	CONFIRMED	沙田馬場	頭場 1:00pm - 沙田日馬
2016-09-07	HV	Night	CONFIRMED	跑馬地馬場	頭場 7:15pm - Happy Wednesday 回歸 - 跑馬地夜馬
2016-09-03	ST	Day	CONFIRMED	沙田馬場	頭場 1:00pm - 2016 馬季開鑼 - 沙田日馬
2016-07-10	ST	Day	CONFIRMED	沙田馬場	頭場 12:30pm - 沙田馬季煞科日- 沙田日馬
2016-07-06	HV	Night	CONFIRMED	跑馬地馬場	頭場 6:45pm - 跑馬地夜馬
2016-07-01	ST	Day	CONFIRMED	沙田馬場	頭場 12:30pm - 香港共慶回歸賽馬日 - 沙田日馬
2016-06-26	ST	Day	CONFIRMED	沙田馬場	頭場 12:45pm - 沙田日馬
2016-06-22	HV	Night	CONFIRMED	跑馬地馬場	頭場 7:15pm - 躍馬狂歡派對夜 - 跑馬地夜馬
2016-06-15	HV	Night	CONFIRMED	跑馬地馬場	頭場 7:15pm - 躍馬狂歡派對夜 - 跑馬地夜馬
2016-06-19	ST	Day	CONFIRMED	沙田馬場	頭場 12:30pm - 沙田日馬
2016-06-12	ST	Day	CONFIRMED	沙田馬場	頭場 12:30pm - 沙田日馬
2016-06-09	HV	Day	CONFIRMED	跑馬地馬場	頭場1:00pm - 跑馬地日馬
2016-06-05	ST	Day	CONFIRMED	沙田馬場	頭場 12:45pm - 沙田日馬
2016-06-01	HV	Night	CONFIRMED	跑馬地馬場	頭場 7:15pm - 躍馬狂歡派對夜 - 跑馬地夜馬
2016-05-29	ST	Day	CONFIRMED	沙田馬場	頭場 12:45pm - 沙田日馬
2016-05-22	ST	Day	CONFIRMED	沙田馬場	頭場 12:30pm - 渣打冠軍暨遮打盃賽馬日 - 沙田日馬
2016-05-18	HV	Night	CONFIRMED	跑馬地馬場	頭場 6:45pm - 法國五月派對 - 跑馬地夜馬
2016-05-14	ST	Day	CONFIRMED	沙田馬場	頭場1:00pm - 沙田日馬
2016-05-11	HV	Night	CONFIRMED	跑馬地馬場	頭場 7:15pm - 法國五月派對 - 跑馬地夜馬
2016-05-07	ST	Day	CONFIRMED	沙田馬場	頭場1:00pm - 沙田日馬
2016-05-04	HV	Night	CONFIRMED	跑馬地馬場	頭場7:15pm - 法國五月派對 - 跑馬地夜馬
2016-05-01	ST	Day	CONFIRMED	沙田馬場	頭場開跑時間 12:30pm - 沙田日馬(冠軍一哩賽及主席短途獎)
2016-04-27	HV	Night	CONFIRMED	跑馬地馬場	頭場 7:15pm - Digital Nights at Happy Wednesday - 跑馬地夜馬
2016-04-24	ST	Day	CONFIRMED	沙田馬場	頭場1:00pm - 沙田日馬(愛彼女皇盃)
2016-04-16	ST	Day	CONFIRMED	沙田馬場	頭場1:00pm - 沙田日馬
2016-04-20	HV	Night	CONFIRMED	跑馬地馬場	頭場7:15pm -Digital Nights at Happy Wednesday - 跑馬地夜馬
2016-04-13	HV	Night	CONFIRMED	跑馬地馬場	頭場 6:45pm - Digital Nights at Happy Wednesday - 跑馬地夜馬
2016-04-10	ST	Day	CONFIRMED	沙田馬場	頭場 12:30pm - 沙田日馬
2016-04-03	ST	Day	CONFIRMED	沙田馬場	頭場 1:00pm - 沙田日馬
2016-03-31	HV	Night	CONFIRMED	跑馬地馬場	頭場 7:15pm - Happy Thursday派對 - 跑馬地夜馬
2016-04-06	ST	Night	CONFIRMED	沙田馬場	頭場7:15pm - 沙田夜馬
2016-03-28	ST	Day	CONFIRMED	沙田馬場	頭場12:30pm - 沙田日馬(復活節)
2016-03-23	HV	Night	CONFIRMED	跑馬地馬場	頭場7:15pm - 繽紛復活派對 - 跑馬地夜馬
2016-03-20	ST	Day	CONFIRMED	沙田馬場	頭場 1:00pm - 沙田日馬(寶馬香港打吡大賽)
2016-03-16	HV	Night	CONFIRMED	跑馬地馬場	頭場7:15pm - 快活谷繽紛復活派對 - 跑馬地夜馬
2016-03-13	ST	Day	CONFIRMED	沙田馬場	頭場 1:00pm - 沙田日馬
2016-03-09	HV	Night	CONFIRMED	跑馬地馬場	頭場 7:15pm - 酒‧在快活谷 - 跑馬地夜馬
2016-03-06	ST	Day	CONFIRMED	沙田馬場	頭場 12:30pm - 沙田日馬
2016-03-02	HV	Night	CONFIRMED	跑馬地馬場	頭場 7:15pm - 酒‧在快活谷 - 跑馬地夜馬
2016-02-28	ST	Day	CONFIRMED	沙田馬場	頭場 1:00pm - 沙田日馬(花旗香港金盃/女皇銀禧紀念盃)
2016-02-24	HV	Night	CONFIRMED	跑馬地馬場	頭場 6:45pm - 「跑馬地百萬挑戰盃」煞科戰 - 跑馬地夜馬
2016-02-21	ST	Day	CONFIRMED	沙田馬場	頭場 1:00pm - 香港經典盃 - 沙田日馬
2016-02-17	HV	Night	CONFIRMED	跑馬地馬場	頭場 7:15pm - 猴年新春派對 - 跑馬地夜馬
2016-02-14	ST	Day	CONFIRMED	沙田馬場	頭場 1:00pm - 沙田日馬
2016-02-10	ST	Day	CONFIRMED	沙田馬場	頭場 12:30pm - 農曆新年賽馬日- 沙田日馬
2016-02-06	ST	Day	CONFIRMED	沙田馬場	頭場 1:00pm - 沙田日馬
2016-02-03	HV	Night	CONFIRMED	跑馬地馬場	頭場 6:45pm - 猴年新春派對 - 跑馬地夜馬
2016-01-31	ST	Day	CONFIRMED	沙田馬場	頭場 12:30pm - 「董事盃」及「百週年紀念短途盃」- 沙田日馬
2016-01-24	ST	Day	CONFIRMED	沙田馬場	頭場 12:30pm - 香港經典一哩賽 - 沙田日馬
2016-01-20	HV	Night	CONFIRMED	跑馬地馬場	頭場 7:15pm - 日本文化嘉年華 - 跑馬地夜馬
2016-01-17	ST	Day	CONFIRMED	沙田馬場	頭場 1:00pm - 沙田日馬
2016-01-13	HV	Night	CONFIRMED	跑馬地馬場	頭場 7:15pm - 日本文化嘉年華- 跑馬地夜馬
2016-01-09	ST	Day	CONFIRMED	沙田馬場	頭場 1:00pm - 沙田日馬
2016-01-06	HV	Night	CONFIRMED	跑馬地馬場	頭場 7:15pm - 日本文化嘉年華 - 跑馬地夜馬
2015-12-27	ST	Day	CONFIRMED	沙田馬場	頭場 12:30pm - 沙田日馬
2016-01-01	ST	Day	CONFIRMED	沙田馬場	頭場 12:30pm - 好運一月一 - 沙田日馬(新年)
2015-12-23	HV	Night	CONFIRMED	跑馬地馬場	頭場 7:15pm - 跑馬地夜馬
2015-12-19	ST	Day	CONFIRMED	沙田馬場	頭場 1:00pm -沙田日馬
2015-12-16	HV	Night	CONFIRMED	跑馬地馬場	頭場 7:15pm - 開心快活聖誕夜 - 跑馬地夜馬
2015-12-13	ST	Day	CONFIRMED	沙田馬場	頭場 12:25pm - 浪琴表香港國際賽事 - 沙田日馬
2015-12-09	HV	Night	CONFIRMED	跑馬地馬場	頭場 6:30pm - 浪琴表國際騎師錦標賽 - 跑馬地夜馬
2015-12-06	ST	Day	CONFIRMED	沙田馬場	頭場12:15pm - 沙田日馬
2015-12-02	HV	Night	CONFIRMED	跑馬地馬場	頭場 7:15pm - 浪琴表國際騎師錦標賽前奏夜 - 跑馬地夜馬
2015-11-29	ST	Day	CONFIRMED	沙田馬場	首場開跑時間 12:45pm - 沙田日馬
2015-11-25	HV	Night	CONFIRMED	跑馬地馬場	頭場 7:15pm - Bond At The Valley - 跑馬地夜馬
2015-11-21	ST	Day	CONFIRMED	沙田馬場	頭場 1:00pm - 浪琴表香港國際賽事前哨戰 - 沙田日馬
2015-11-18	ST	Night	CONFIRMED	沙田馬場	頭場 7:15pm - 沙田夜馬
2015-11-14	ST	Day	CONFIRMED	沙田馬場	頭場1:00pm - 樂聲盃賽馬日 - 沙田日馬
2015-11-11	HV	Night	CONFIRMED	跑馬地馬場	頭場 6:45pm - Bond At The Valley - 跑馬地夜馬
2015-11-08	ST	Day	CONFIRMED	沙田馬場	頭場 12:30pm - 莎莎銀袋婦女日 - 沙田日馬
2015-11-01	HV	Day	CONFIRMED	跑馬地馬場	頭場 12:45pm -跑馬地日馬
2015-10-25	ST	Day	CONFIRMED	沙田馬場	時尚煲呔日 - 頭場 1:00pm - 沙田日馬
2015-10-22	HV	Night	CONFIRMED	跑馬地馬場	快活谷啤酒節 - 頭場 7:15 pm - 跑馬地夜馬
2015-10-18	ST	Day	CONFIRMED	沙田馬場	頭場 12:30pm -沙田日馬
2015-10-14	HV	Night	CONFIRMED	跑馬地馬場	快活谷啤酒節 - 頭場 7:15 pm - 跑馬地夜馬
2015-10-10	ST	Day	CONFIRMED	沙田馬場	六福珠寶賽馬日 - 頭場 1:00pm - 沙田日馬
2015-10-07	HV	Night	CONFIRMED	跑馬地馬場	快活谷啤酒節 - 頭場 7:15 pm - 跑馬地夜馬
2015-10-04	ST	Day	CONFIRMED	沙田馬場	頭場 12:45pm - 沙田日馬
2015-10-01	ST	Day	CONFIRMED	沙田馬場	國慶賽馬日 - 頭場 1:00pm - 沙田日馬
2015-09-28	ST	Day	CONFIRMED	沙田馬場	頭場 1:00pm - 沙田日馬
2015-09-23	HV	Night	CONFIRMED	跑馬地馬場	快活谷啤酒節 - 頭場 7:15 pm - 跑馬地夜馬
2015-09-19	ST	Day	CONFIRMED	沙田馬場	冠忠巴士金禧紀念賽馬日 - 頭場 1:00pm - 沙田日馬
2015-09-16	HV	Night	CONFIRMED	跑馬地馬場	Happy Wednesday重磅回歸 - 頭場 7:15 pm - 跑馬地夜馬
2015-09-13	ST	Day	CONFIRMED	沙田馬場	頭場 1:00pm - 沙田日馬
2015-09-09	HV	Night	CONFIRMED	跑馬地馬場	Happy Wednesday重磅回歸 - 頭場 7:15 pm - 跑馬地夜馬
2015-09-06	ST	Day	CONFIRMED	沙田馬場	馬季開鑼 - 頭場 1:00pm - 沙田日馬
2015-07-08	HV	Night	CONFIRMED	跑馬地馬場	跑馬地夜賽
2015-07-12	ST	Day	CONFIRMED	沙田馬場	沙田日賽
2015-07-05	ST	Day	CONFIRMED	沙田馬場	沙田日賽
2015-07-01	ST	Day	CONFIRMED	沙田馬場	沙田日賽
2015-06-27	ST	Day	CONFIRMED	沙田馬場	沙田日賽
2015-06-21	ST	Day	CONFIRMED	沙田馬場	沙田日賽
2015-06-17	HV	Night	CONFIRMED	跑馬地馬場	跑馬地夜賽
2015-06-24	HV	Night	CONFIRMED	跑馬地馬場	跑馬地夜賽
2015-06-14	ST	Day	CONFIRMED	沙田馬場	沙田日賽
2015-06-07	ST	Day	CONFIRMED	沙田馬場	沙田日賽
2015-06-10	HV	Night	CONFIRMED	跑馬地馬場	跑馬地夜賽
2015-06-03	HV	Night	CONFIRMED	跑馬地馬場	跑馬地夜賽
2015-05-16	ST	Day	CONFIRMED	沙田馬場	沙田日賽
2015-05-31	ST	Day	CONFIRMED	沙田馬場	渣打冠軍暨遮打盃(沙田日賽)
2015-05-20	HV	Night	CONFIRMED	跑馬地馬場	跑馬地夜賽
2015-05-13	HV	Night	CONFIRMED	跑馬地馬場	跑馬地夜賽
2015-05-06	HV	Night	CONFIRMED	跑馬地馬場	跑馬地夜賽
2015-05-09	ST	Day	CONFIRMED	沙田馬場	沙田日賽
2015-05-03	ST	Day	CONFIRMED	沙田馬場	冠軍一哩賽(沙田日賽)
2015-04-19	ST	Day	CONFIRMED	沙田馬場	沙田日賽
2015-04-29	HV	Night	CONFIRMED	跑馬地馬場	跑馬地夜賽
2015-04-22	HV	Night	CONFIRMED	跑馬地馬場	跑馬地夜賽
2015-04-15	HV	Night	CONFIRMED	跑馬地馬場	跑馬地夜賽
2015-04-12	ST	Day	CONFIRMED	沙田馬場	沙田日賽
2015-04-26	ST	Day	CONFIRMED	沙田馬場	愛彼女皇盃(沙田日賽)
2015-04-07	ST	Day	CONFIRMED	沙田馬場	沙田日賽
2015-03-29	ST	Day	CONFIRMED	沙田馬場	沙田日賽
2015-04-01	HV	Night	CONFIRMED	跑馬地馬場	跑馬地夜賽
2015-03-25	ST	Night	CONFIRMED	沙田馬場	沙田夜賽
2015-03-21	ST	Day	CONFIRMED	沙田馬場	沙田日賽
2015-03-08	ST	Day	CONFIRMED	沙田馬場	沙田日賽
2015-03-15	ST	Day	CONFIRMED	沙田馬場	寶馬香港打吡大賽/女皇銀禧紀念盃(沙田日賽)
2015-03-04	HV	Night	CONFIRMED	跑馬地馬場	跑馬地夜賽
2015-03-11	HV	Night	CONFIRMED	跑馬地馬場	跑馬地夜賽
2015-03-18	HV	Night	CONFIRMED	跑馬地馬場	跑馬地夜賽
2015-03-01	ST	Day	CONFIRMED	沙田馬場	花旗銀行香港金盃(沙田日賽)
2015-02-25	HV	Night	CONFIRMED	跑馬地馬場	跑馬地夜賽
2015-02-11	HV	Night	CONFIRMED	跑馬地馬場	跑馬地夜賽
2015-02-15	ST	Day	CONFIRMED	沙田馬場	沙田日賽
2015-02-07	ST	Day	CONFIRMED	沙田馬場	沙田日賽
2015-02-21	ST	Day	CONFIRMED	沙田馬場	農曆新年賽馬日(沙田日賽)
2015-02-01	ST	Day	CONFIRMED	沙田馬場	沙田日賽
2015-02-04	HV	Night	CONFIRMED	跑馬地馬場	跑馬地夜賽
2015-01-28	HV	Night	CONFIRMED	跑馬地馬場	跑馬地夜賽
2015-01-18	ST	Day	CONFIRMED	沙田馬場	沙田日賽
2015-01-25	ST	Day	CONFIRMED	沙田馬場	董事盃(沙田日賽)
2015-01-07	HV	Night	CONFIRMED	跑馬地馬場	跑馬地夜賽
2015-01-14	HV	Night	CONFIRMED	跑馬地馬場	跑馬地夜賽
2015-01-21	HV	Night	CONFIRMED	跑馬地馬場	跑馬地夜賽
2015-01-04	ST	Day	CONFIRMED	沙田馬場	沙田日賽
2014-12-28	ST	Day	CONFIRMED	沙田馬場	沙田日賽
2015-01-10	ST	Day	CONFIRMED	沙田馬場	沙田日賽
2015-01-01	ST	Day	CONFIRMED	沙田馬場	新年賽馬日(沙田日賽)
2014-12-07	ST	Day	CONFIRMED	沙田馬場	沙田日賽
2014-12-17	HV	Night	CONFIRMED	跑馬地馬場	跑馬地夜賽
2014-12-03	HV	Night	CONFIRMED	跑馬地馬場	跑馬地夜賽
2014-12-10	HV	Night	CONFIRMED	跑馬地馬場	跑馬地夜賽
2014-12-14	ST	Day	CONFIRMED	沙田馬場	浪琴表香港國際賽事(沙田日賽)
2014-11-23	ST	Day	CONFIRMED	沙田馬場	沙田日賽
2014-11-15	ST	Day	CONFIRMED	沙田馬場	沙田日賽
2014-11-26	HV	Night	CONFIRMED	跑馬地馬場	跑馬地夜賽
2014-11-19	HV	Night	CONFIRMED	跑馬地馬場	跑馬地夜賽
2014-11-02	ST	Day	CONFIRMED	沙田馬場	沙田日賽
2014-10-26	ST	Day	CONFIRMED	沙田馬場	沙田日賽
2014-10-22	HV	Night	CONFIRMED	跑馬地馬場	跑馬地夜賽
2014-10-29	HV	Night	CONFIRMED	跑馬地馬場	跑馬地夜賽
2014-11-12	HV	Night	CONFIRMED	跑馬地馬場	跑馬地夜賽
2014-11-09	ST	Day	CONFIRMED	沙田馬場	沙田日賽
2014-10-19	HV	Day	CONFIRMED	跑馬地馬場	跑馬地日賽
2014-10-15	ST	Night	CONFIRMED	沙田馬場	沙田夜賽
2014-10-12	ST	Day	CONFIRMED	沙田馬場	沙田日賽
2014-10-08	ST	Night	CONFIRMED	沙田馬場	沙田夜賽
2014-10-05	ST	Day	CONFIRMED	沙田馬場	沙田日賽
2014-10-01	ST	Day	CONFIRMED	沙田馬場	沙田日賽
2014-09-27	ST	Day	CONFIRMED	沙田馬場	沙田日賽
2014-09-24	ST	Night	CONFIRMED	沙田馬場	沙田夜賽
2014-09-21	ST	Day	CONFIRMED	沙田馬場	沙田日賽
2014-09-17	ST	Night	CONFIRMED	沙田馬場	沙田夜賽
2014-09-14	ST	Day	CONFIRMED	沙田馬場	沙田日賽
2015-05-27	ST	Night	CONFIRMED	沙田馬場	沙田夜賽
2015-05-24	ST	Day	CONFIRMED	沙田馬場	沙田日賽
2014-12-20	ST	Day	CONFIRMED	沙田馬場	沙田日賽
2014-11-30	ST	Day	CONFIRMED	沙田馬場	沙田日賽
2014-07-01	ST	Day	CONFIRMED	沙田馬場	沙田日賽
2014-06-28	ST	Day	CONFIRMED	沙田馬場	沙田日賽
2014-06-25	ST	Night	CONFIRMED	沙田馬場	沙田夜賽
2014-06-22	ST	Day	CONFIRMED	沙田馬場	沙田日賽
2014-06-18	ST	Night	CONFIRMED	沙田馬場	沙田夜賽
2014-07-06	ST	Day	CONFIRMED	沙田馬場	季終賽馬日(沙田日賽)
2014-06-15	ST	Day	CONFIRMED	沙田馬場	沙田日賽
2014-06-11	ST	Night	CONFIRMED	沙田馬場	沙田夜賽
2014-06-08	ST	Day	CONFIRMED	沙田馬場	沙田日賽
2014-06-05	HV	Night	CONFIRMED	跑馬地馬場	跑馬地夜賽
2014-06-01	ST	Day	CONFIRMED	沙田馬場	沙田日賽
2014-05-25	ST	Day	CONFIRMED	沙田馬場	沙田日賽
2014-05-10	ST	Day	CONFIRMED	沙田馬場	沙田日賽
2014-05-17	ST	Day	CONFIRMED	沙田馬場	沙田日賽
2014-05-14	HV	Night	CONFIRMED	跑馬地馬場	跑馬地夜賽
2014-05-21	HV	Night	CONFIRMED	跑馬地馬場	跑馬地夜賽
2014-05-28	HV	Night	CONFIRMED	跑馬地馬場	跑馬地夜賽
2014-05-07	HV	Night	CONFIRMED	跑馬地馬場	跑馬地夜賽
2014-04-30	HV	Night	CONFIRMED	跑馬地馬場	跑馬地夜賽
2014-04-27	ST	Day	CONFIRMED	沙田馬場	愛彼女皇盃賽日(沙田日賽)
2014-05-04	ST	Day	CONFIRMED	沙田馬場	冠軍一哩賽(沙田日賽)
2014-04-21	ST	Day	CONFIRMED	沙田馬場	沙田日賽
2014-04-16	HV	Night	CONFIRMED	跑馬地馬場	跑馬地夜賽
2014-04-13	ST	Day	CONFIRMED	沙田馬場	沙田日賽
2014-04-06	ST	Day	CONFIRMED	沙田馬場	沙田日賽
2014-04-09	HV	Night	CONFIRMED	跑馬地馬場	跑馬地夜賽
2014-04-02	HV	Night	CONFIRMED	跑馬地馬場	跑馬地夜賽
2014-03-30	ST	Day	CONFIRMED	沙田馬場	沙田日賽
2014-03-26	ST	Night	CONFIRMED	沙田馬場	沙田夜賽
2014-03-23	ST	Day	CONFIRMED	沙田馬場	沙田日賽
2014-03-19	HV	Night	CONFIRMED	跑馬地夜賽	跑馬地夜賽
2014-03-12	HV	Night	CONFIRMED	跑馬地馬場	跑馬地夜賽
2014-03-16	ST	Day	CONFIRMED	沙田馬場	寶馬香港打吡大賽日(沙田日賽)
2014-03-01	ST	Day	CONFIRMED	沙田馬場	沙田日賽
2014-02-23	ST	Day	CONFIRMED	沙田馬場	沙田日賽
2014-02-26	HV	Night	CONFIRMED	跑馬地馬場	跑馬地夜賽
2014-02-19	HV	Night	CONFIRMED	跑馬地馬場	跑馬地夜賽
2014-02-16	ST	Day	CONFIRMED	沙田馬場	沙田日賽
2014-02-08	ST	Day	CONFIRMED	沙田馬場	沙田日賽
2014-02-12	HV	Night	CONFIRMED	跑馬地馬場	跑馬地夜賽
2014-02-05	HV	Night	CONFIRMED	跑馬地馬場	跑馬地夜賽
2014-01-19	ST	Day	CONFIRMED	沙田馬場	沙田日賽
2014-01-26	ST	Day	CONFIRMED	沙田馬場	沙田日賽
2014-01-11	ST	Day	CONFIRMED	沙田馬場	沙田日賽
2014-02-02	ST	Day	CONFIRMED	沙田馬場	農曆新年賽馬日(沙田日賽)
2014-01-22	HV	Night	CONFIRMED	跑馬地馬場	跑馬地夜賽
2014-01-15	HV	Night	CONFIRMED	跑馬地馬場	跑馬地夜賽
2014-01-05	ST	Day	CONFIRMED	沙田馬場	沙田日賽
2013-12-29	ST	Day	CONFIRMED	沙田馬場	沙田日賽
2013-12-15	ST	Day	CONFIRMED	沙田馬場	沙田日賽
2014-01-08	HV	Night	CONFIRMED	跑馬地馬場	跑馬地夜賽
2013-12-21	ST	Day	CONFIRMED	沙田馬場	沙田日賽
2014-01-01	ST	Day	CONFIRMED	沙田馬場	元旦賽馬日(沙田日賽)
2013-12-26	HV	Night	CONFIRMED	跑馬地馬場	跑馬地夜賽
2013-12-18	HV	Night	CONFIRMED	跑馬地馬場	跑馬地夜賽
2013-12-11	HV	Night	CONFIRMED	跑馬地馬場	跑馬地夜賽
2013-12-01	ST	Day	CONFIRMED	沙田馬場	沙田日賽
2013-11-27	HV	Night	CONFIRMED	跑馬地馬場	跑馬地夜賽
2013-11-24	ST	Day	CONFIRMED	沙田馬場	沙田日賽
2013-11-09	ST	Day	CONFIRMED	沙田馬場	沙田日賽
2013-11-17	ST	Day	CONFIRMED	沙田馬場	沙田日賽
2013-12-04	HV	Night	CONFIRMED	跑馬地馬場	浪琴表國際騎師錦標賽(跑馬地夜賽)
2013-12-08	ST	Day	CONFIRMED	沙田馬場	浪琴表香港國際賽事(沙田日賽)
2013-11-13	HV	Night	CONFIRMED	跑馬地馬場	跑馬地夜賽
2013-11-20	HV	Night	CONFIRMED	跑馬地馬場	跑馬地夜賽
2013-11-06	HV	Night	CONFIRMED	跑馬地馬場	跑馬地夜賽
2013-10-30	ST	Night	CONFIRMED	沙田馬場	沙田夜賽
2013-10-27	ST	Day	CONFIRMED	沙田馬場   	沙田日賽
2013-11-03	ST	Day	CONFIRMED	沙田馬場	莎莎婦女銀袋日(沙田日賽)
2013-10-16	ST	Night	CONFIRMED	沙田馬場	沙田夜賽
2013-10-20	HV	Day	CONFIRMED	跑馬地馬場	跑馬地日賽
2013-10-12	ST	Day	CONFIRMED	沙田馬場	沙田日賽
2013-10-06	ST	Day	CONFIRMED	沙田馬場	沙田日賽
2013-10-09	HV	Night	CONFIRMED	跑馬地馬場	跑馬地夜賽
2013-10-23	HV	Night	CONFIRMED	跑馬地馬場	跑馬地夜賽
2013-09-25	HV	Night	CONFIRMED	跑馬地馬場	跑馬地夜賽
2013-10-01	ST	Day	CONFIRMED	沙田馬場	國慶賽馬日(沙田日賽)
2013-09-17	HV	Night	CONFIRMED	跑馬地馬場	跑馬地夜賽
2013-09-15	ST	Day	CONFIRMED	沙田馬場	沙田日賽
2013-09-11	HV	Night	CONFIRMED	跑馬地馬場	跑馬地夜賽
2013-09-08	ST	Day	CONFIRMED	沙田馬場	馬季開鑼日(沙田日賽)
2014-03-09	ST	Day	CONFIRMED	沙田馬場	沙田日賽
2014-03-05	HV	Night	CONFIRMED	跑馬地馬場	跑馬地夜賽
