2020-09-13	ST	Day	CONFIRMED	Sha Tin Racecourse, Sha Tin, Hong Kong	ST Day Race
2021-04-08	HV	Night	CONFIRMED	Happy Valley Racecourse	HV Night Race
2020-09-06	ST	Day	CONFIRMED	Sha Tin Racecourse, Sha Tin, Hong Kong	ST Day Race
2020-11-11	HV	Night	CONFIRMED	Happy Valley Racecourse	HV Night Race
2020-11-25	HV	Night	CONFIRMED	Happy Valley Racecourse	HV Night Race
2020-12-02	HV	Night	CONFIRMED	Happy Valley Racecourse	HV Night Race
2020-12-09	HV	Night	CONFIRMED	Happy Valley Racecourse	HV Night Race
2020-12-16	HV	Night	CONFIRMED	Happy Valley Racecourse	HV Night Race
2020-12-23	HV	Night	CONFIRMED	Happy Valley Racecourse	HV Night Race
2021-01-06	HV	Night	CONFIRMED	Happy Valley Racecourse	HV Night Race
2021-01-13	HV	Night	CONFIRMED	Happy Valley Racecourse	HV Night Race
2021-01-20	HV	Night	CONFIRMED	Happy Valley Racecourse	HV Night Race
2021-01-27	HV	Night	CONFIRMED	Happy Valley Racecourse	HV Night Race
2021-02-03	HV	Night	CONFIRMED	Happy Valley Racecourse	HV Night Race
2021-02-10	HV	Night	CONFIRMED	Happy Valley Racecourse	HV Night Race
2021-02-17	HV	Night	CONFIRMED	Happy Valley Racecourse	HV Night Race
2021-02-24	HV	Night	CONFIRMED	Happy Valley Racecourse	HV Night Race
2021-03-03	HV	Night	CONFIRMED	Happy Valley Racecourse	HV Night Race
2021-03-10	HV	Night	CONFIRMED	Happy Valley Racecourse	HV Night Race
2021-03-17	HV	Night	CONFIRMED	Happy Valley Racecourse	HV Night Race
2021-03-24	HV	Night	CONFIRMED	Happy Valley Racecourse	HV Night Race
2021-04-14	HV	Night	CONFIRMED	Happy Valley Racecourse	HV Night Race
2021-04-21	HV	Night	CONFIRMED	Happy Valley Racecourse	HV Night Race
2021-04-28	HV	Night	CONFIRMED	Happy Valley Racecourse	HV Night Race
2021-05-05	HV	Night	CONFIRMED	Happy Valley Racecourse	HV Night Race
2021-05-19	HV	Night	CONFIRMED	Happy Valley Racecourse	HV Night Race
2021-05-26	HV	Night	CONFIRMED	Happy Valley Racecourse	HV Night Race
2021-06-23	HV	Night	CONFIRMED	Happy Valley Racecourse	HV Night Race
2021-06-09	HV	Night	CONFIRMED	Happy Valley Racecourse	HV Night Race
2021-06-02	HV	Night	CONFIRMED	Happy Valley Racecourse	HV Night Race
2021-07-07	HV	Night	CONFIRMED	Happy Valley Racecourse	HV Night Race
2021-07-14	HV	Night	CONFIRMED	Happy Valley Racecourse	HV Night Race
2021-05-12	ST	Night	CONFIRMED	Sha Tin Racecourse, Sha Tin, Hong Kong	ST Night Race
2021-03-31	ST	Night	CONFIRMED	Sha Tin Racecourse, Sha Tin, Hong Kong	ST Night Race
2020-11-18	HV	Night	CONFIRMED	Happy Valley Racecourse	HV Night Race
2020-11-04	ST	Night	CONFIRMED	Sha Tin Racecourse, Sha Tin, Hong Kong	ST Night Race
2020-11-01	ST	Day	CONFIRMED	Sha Tin Racecourse, Sha Tin, Hong Kong	ST Day Race
2020-10-28	HV	Night	CONFIRMED	Happy Valley Racecourse	HV Night Race
2020-10-21	HV	Night	CONFIRMED	Happy Valley Racecourse	HV Night Race
2020-10-14	HV	Night	CONFIRMED	Happy Valley Racecourse	HV Night Race
2020-10-07	HV	Night	CONFIRMED	Happy Valley Racecourse	HV Night Race
2020-09-23	HV	Night	CONFIRMED	Happy Valley Racecourse	HV Night Race
2020-09-16	HV	Night	CONFIRMED	Happy Valley Racecourse	HV Night Race
2020-09-09	HV	Night	CONFIRMED	Happy Valley Racecourse	HV Night Race
2020-10-01	ST	Day	CONFIRMED	Sha Tin Racecourse, Sha Tin, Hong Kong	ST Day Race
2021-07-11	ST	Day	CONFIRMED	Sha Tin Racecourse, Sha Tin, Hong Kong	ST Day Race
2021-07-04	ST	Day	CONFIRMED	Sha Tin Racecourse, Sha Tin, Hong Kong	ST Day Race
2021-07-01	ST	Day	CONFIRMED	Sha Tin Racecourse, Sha Tin, Hong Kong	ST Day Race
2021-06-26	ST	Day	CONFIRMED	Sha Tin Racecourse, Sha Tin, Hong Kong	ST Day Race
2021-06-20	ST	Day	CONFIRMED	Sha Tin Racecourse, Sha Tin, Hong Kong	ST Day Race
2021-06-13	ST	Day	CONFIRMED	Sha Tin Racecourse, Sha Tin, Hong Kong	ST Day Race
2021-06-06	ST	Day	CONFIRMED	Sha Tin Racecourse, Sha Tin, Hong Kong	ST Day Race
2021-05-30	ST	Day	CONFIRMED	Sha Tin Racecourse, Sha Tin, Hong Kong	ST Day Race
2021-05-23	ST	Day	CONFIRMED	Sha Tin Racecourse, Sha Tin, Hong Kong	ST Day Race - Standard Chartered Champions & Chater Cup
2021-05-16	ST	Day	CONFIRMED	Sha Tin Racecourse, Sha Tin, Hong Kong	ST Day Race
2021-05-08	ST	Day	CONFIRMED	Sha Tin Racecourse, Sha Tin, Hong Kong	ST Day Race
2021-05-02	ST	Day	CONFIRMED	Sha Tin Racecourse, Sha Tin, Hong Kong	ST Day Race
2021-04-25	ST	Day	CONFIRMED	Sha Tin Racecourse, Sha Tin, Hong Kong	ST Day Race - FWD Champions Day
2021-04-17	ST	Day	CONFIRMED	Sha Tin Racecourse, Sha Tin, Hong Kong	ST Day Race
2021-04-11	ST	Day	CONFIRMED	Sha Tin Racecourse, Sha Tin, Hong Kong	ST Day Race
2021-04-05	ST	Day	CONFIRMED	Sha Tin Racecourse, Sha Tin, Hong Kong	ST Day Race - Easter
2021-03-28	ST	Day	CONFIRMED	Sha Tin Racecourse, Sha Tin, Hong Kong	ST Day Race
2021-03-21	ST	Day	CONFIRMED	Sha Tin Racecourse, Sha Tin, Hong Kong	ST Day Race - BMW HK Derby
2021-03-13	ST	Day	CONFIRMED	Sha Tin Racecourse, Sha Tin, Hong Kong	ST Day Race
2021-03-07	ST	Day	CONFIRMED	Sha Tin Racecourse, Sha Tin, Hong Kong	ST Day Race
2021-02-28	ST	Day	CONFIRMED	Sha Tin Racecourse, Sha Tin, Hong Kong	ST Day Race
2021-02-21	ST	Day	CONFIRMED	Sha Tin Racecourse, Sha Tin, Hong Kong	ST Day Race - Citi HK Gold Cup / Queen's Silver Jubilee Cup
2021-02-14	ST	Day	CONFIRMED	Sha Tin Racecourse, Sha Tin, Hong Kong	ST Day Race - Chinese New Year
2021-02-06	ST	Day	CONFIRMED	Sha Tin Racecourse, Sha Tin, Hong Kong	ST Day Race
2021-01-31	ST	Day	CONFIRMED	Sha Tin Racecourse, Sha Tin, Hong Kong	ST Day Race
2021-01-24	ST	Day	CONFIRMED	Sha Tin Racecourse, Sha Tin, Hong Kong	ST Day Race - Centenary Sprint Cup / Stewards' Cup
2021-01-17	ST	Day	CONFIRMED	Sha Tin Racecourse, Sha Tin, Hong Kong	ST Day Race
2021-01-01	ST	Day	CONFIRMED	Sha Tin Racecourse, Sha Tin, Hong Kong	ST Day Race - New Year
2021-01-10	ST	Day	CONFIRMED	Sha Tin Racecourse, Sha Tin, Hong Kong	ST Day Race
2020-12-26	ST	Day	CONFIRMED	Sha Tin Racecourse, Sha Tin, Hong Kong	ST Day Race
2020-12-20	ST	Day	CONFIRMED	Sha Tin Racecourse, Sha Tin, Hong Kong	ST Day Race
2020-12-13	ST	Day	CONFIRMED	Sha Tin Racecourse, Sha Tin, Hong Kong	ST Day Race - LONGINES HKIR
2020-12-06	ST	Day	CONFIRMED	Sha Tin Racecourse, Sha Tin, Hong Kong	ST Day Race
2020-11-29	ST	Day	CONFIRMED	Sha Tin Racecourse, Sha Tin, Hong Kong	ST Day Race
2020-11-22	ST	Day	CONFIRMED	Sha Tin Racecourse, Sha Tin, Hong Kong	ST Day Race
2020-11-14	ST	Day	CONFIRMED	Sha Tin Racecourse, Sha Tin, Hong Kong	ST Day Race
2020-11-08	HV	Day	CONFIRMED	Happy Valley Racecourse, Hong Kong	HV Day Race
2020-10-24	ST	Day	CONFIRMED	Sha Tin Racecourse, Sha Tin, Hong Kong	ST Day Race
2020-10-11	ST	Day	CONFIRMED	Sha Tin Racecourse, Sha Tin, Hong Kong	ST Day Race
2020-10-18	ST	Day	CONFIRMED	Sha Tin Racecourse, Sha Tin, Hong Kong	ST Day Race
2020-10-04	ST	Day	CONFIRMED	Sha Tin Racecourse, Sha Tin, Hong Kong	ST Day Race
2020-09-27	ST	Day	CONFIRMED	Sha Tin Racecourse, Sha Tin, Hong Kong	ST Day Race
2020-09-20	ST	Day	CONFIRMED	Sha Tin Racecourse, Sha Tin, Hong Kong	ST Day Race
2020-07-15	HV	Night	CONFIRMED	Happy Valley Racecourse	HV Night Race
2019-10-27	ST	Day	CONFIRMED	Sha Tin Racecourse, Sha Tin, Hong Kong	ST Day Race
2019-10-30	HV	Night	CONFIRMED	Happy Valley Racecourse, Hong Kong	HV Night Race
2020-07-12	ST	Day	CONFIRMED	Sha Tin Racecourse, Sha Tin, Hong Kong	ST Day Race
2020-07-08	HV	Night	CONFIRMED	Happy Valley Racecourse, Hong Kong	HV Night Race
2020-07-05	ST	Day	CONFIRMED	Sha Tin Racecourse, Sha Tin, Hong Kong	ST Day Race
2020-07-01	ST	Day	CONFIRMED	Sha Tin Racecourse, Sha Tin, Hong Kong	ST Day Race
2020-06-27	ST	Day	CONFIRMED	Sha Tin Racecourse, Sha Tin, Hong Kong	ST Day Race
2020-06-24	HV	Night	CONFIRMED	Happy Valley Racecourse, Hong Kong	HV Night Race
2020-06-21	ST	Day	CONFIRMED	Sha Tin Racecourse, Sha Tin, Hong Kong	ST Day Race
2020-06-14	ST	Day	CONFIRMED	Sha Tin Racecourse, Sha Tin, Hong Kong	ST Day Race
2020-06-10	HV	Night	CONFIRMED	Happy Valley Racecourse, Hong Kong	HV Night Race
2020-06-07	ST	Day	CONFIRMED	Sha Tin Racecourse, Sha Tin, Hong Kong	ST Day Race
2020-06-03	HV	Night	CONFIRMED	Happy Valley Racecourse, Hong Kong	HV Night Race
2020-05-31	ST	Day	CONFIRMED	Sha Tin Racecourse, Sha Tin, Hong Kong	ST Day Race
2020-05-27	ST	Night	CONFIRMED	Sha Tin Racecourse, Sha Tin, Hong Kong	ST Night Race
2020-05-24	ST	Day	CONFIRMED	Sha Tin Racecourse, Sha Tin, Hong Kong	ST Day Race - Standard Chartered Day
2020-05-20	HV	Night	CONFIRMED	Happy Valley Racecourse, Hong Kong	HV Night Race
2020-05-17	ST	Day	CONFIRMED	Sha Tin Racecourse, Sha Tin, Hong Kong	ST Day Race
2020-05-13	HV	Night	CONFIRMED	Happy Valley Racecourse, Hong Kong	HV Night Race
2020-05-09	ST	Day	CONFIRMED	Sha Tin Racecourse, Sha Tin, Hong Kong	ST Day Race
2020-05-06	HV	Night	CONFIRMED	Happy Valley Racecourse, Hong Kong	HV Night Race
2020-05-03	ST	Day	CONFIRMED	Sha Tin Racecourse, Sha Tin, Hong Kong	ST Day Race
2020-04-29	HV	Night	CONFIRMED	Happy Valley Racecourse, Hong Kong	HV Night Race
2020-04-26	ST	Day	CONFIRMED	Sha Tin Racecourse, Sha Tin, Hong Kong	ST Day Race - FWD Champions Day
2020-04-22	HV	Night	CONFIRMED	Happy Valley Racecourse, Hong Kong	HV Night Race
2020-04-19	ST	Day	CONFIRMED	Sha Tin Racecourse, Sha Tin, Hong Kong	ST Day Race
2020-04-15	HV	Night	CONFIRMED	Happy Valley Racecourse, Hong Kong	HV Night Race
2020-04-12	ST	Day	CONFIRMED	Sha Tin Racecourse, Sha Tin, Hong Kong	ST Day Race
2020-04-08	HV	Night	CONFIRMED	Happy Valley Racecourse, Hong Kong	HV Night Race
2020-04-05	ST	Day	CONFIRMED	Sha Tin Racecourse, Sha Tin, Hong Kong	ST Day Race
2020-04-01	ST	Night	CONFIRMED	Sha Tin Racecourse, Sha Tin, Hong Kong	ST Night Race
2020-03-29	ST	Day	CONFIRMED	Sha Tin Racecourse, Sha Tin, Hong Kong	ST Day Race
2020-03-25	HV	Night	CONFIRMED	Happy Valley Racecourse, Hong Kong	HV Night Race
2020-03-22	ST	Day	CONFIRMED	Sha Tin Racecourse, Sha Tin, Hong Kong	ST Day Race - BMW Hong Kong Derby
2020-03-18	HV	Night	CONFIRMED	Happy Valley Racecourse, Hong Kong	HV Night Race
2020-03-14	ST	Day	CONFIRMED	Sha Tin Racecourse, Sha Tin, Hong Kong	ST Day Race
2020-03-11	HV	Night	CONFIRMED	Happy Valley Racecourse, Hong Kong	HV Night Race
2020-03-08	ST	Day	CONFIRMED	Sha Tin Racecourse, Sha Tin, Hong Kong	ST Day Race
2020-03-04	HV	Night	CONFIRMED	Happy Valley Racecourse, Hong Kong	HV Night Race
2020-03-01	ST	Day	CONFIRMED	Sha Tin Racecourse, Sha Tin, Hong Kong	ST Day Race
2020-02-26	HV	Night	CONFIRMED	Happy Valley Racecourse, Hong Kong	HV Night Race
2020-02-23	ST	Day	CONFIRMED	Sha Tin Racecourse, Sha Tin, Hong Kong	ST Day Race
2020-02-19	ST	Night	CONFIRMED	Sha Tin Racecourse, Sha Tin, Hong Kong	ST Night Race
2020-02-16	ST	Day	CONFIRMED	Sha Tin Racecourse, Sha Tin, Hong Kong	ST Day Race - Citi Hong Kong Gold Cup, Queen's Silver Jubilee Cup
2020-02-12	HV	Night	CONFIRMED	Happy Valley Racecourse, Hong Kong	HV Night Race
2020-02-08	ST	Day	CONFIRMED	Sha Tin Racecourse, Sha Tin, Hong Kong	ST Day Race
2020-02-05	HV	Night	CONFIRMED	Happy Valley Racecourse, Hong Kong	HV Night Race
2020-02-02	ST	Day	CONFIRMED	Sha Tin Racecourse, Sha Tin, Hong Kong	ST Day Race
2020-01-29	HV	Night	CONFIRMED	Happy Valley Racecourse, Hong Kong	HV Night Race
2020-01-27	ST	Day	CONFIRMED	Sha Tin Racecourse, Sha Tin, Hong Kong	ST Day Race
2020-01-22	HV	Night	CONFIRMED	Happy Valley Racecourse, Hong Kong	HV Night Race
2020-01-19	ST	Day	CONFIRMED	Sha Tin Racecourse, Sha Tin, Hong Kong	ST Day Race - Stewards’ Cup and Centenary Sprint Cup
2020-01-15	HV	Night	CONFIRMED	Happy Valley Racecourse, Hong Kong	HV Night Race
2020-01-11	ST	Day	CONFIRMED	Sha Tin Racecourse, Sha Tin, Hong Kong	ST Day Race
2020-01-08	HV	Night	CONFIRMED	Happy Valley Racecourse, Hong Kong	HV Night Race
2020-01-05	ST	Day	CONFIRMED	Sha Tin Racecourse, Sha Tin, Hong Kong	ST Day Race
2020-01-01	ST	Day	CONFIRMED	Sha Tin Racecourse, Sha Tin, Hong Kong	ST Day Race - Lucky Start January 1
2019-12-29	ST	Day	CONFIRMED	Sha Tin Racecourse, Sha Tin, Hong Kong	ST Day Race
2019-12-26	HV	Night	CONFIRMED	Happy Valley Racecourse, Hong Kong	HV Night Race
2019-12-21	ST	Day	CONFIRMED	Sha Tin Racecourse, Sha Tin, Hong Kong	ST Day Race
2019-12-18	HV	Night	CONFIRMED	Happy Valley Racecourse, Hong Kong	HV Night Race
2019-12-15	ST	Day	CONFIRMED	Sha Tin Racecourse, Sha Tin, Hong Kong	ST Day Race
2019-12-11	HV	Night	CONFIRMED	Happy Valley Racecourse, Hong Kong	HV Night Race
2019-12-08	ST	Day	CONFIRMED	Sha Tin Racecourse, Sha Tin, Hong Kong	ST Day Race - LONGINES HKIR
2019-12-04	HV	Night	CONFIRMED	Happy Valley Racecourse, Hong Kong	HV Night Race
2019-12-01	ST	Day	CONFIRMED	Sha Tin Racecourse, Sha Tin, Hong Kong	ST Day Race
2019-11-27	HV	Night	CONFIRMED	Happy Valley Racecourse, Hong Kong	HV Night Race
2019-11-23	ST	Day	CONFIRMED	Sha Tin Racecourse, Sha Tin, Hong Kong	ST Day Race
2019-11-20	HV	Night	CONFIRMED	Happy Valley Racecourse, Hong Kong	HV Night Race
2019-11-17	ST	Day	CONFIRMED	Sha Tin Racecourse, Sha Tin, Hong Kong	ST Day Race
2019-11-13	HV	Night	CONFIRMED	Happy Valley Racecourse, Hong Kong	HV Night Race
2019-11-09	ST	Day	CONFIRMED	Sha Tin Racecourse, Sha Tin, Hong Kong	ST Day Race
2019-11-06	HV	Night	CONFIRMED	Happy Valley Racecourse, Hong Kong	HV Night Race
2019-11-03	ST	Day	CONFIRMED	Sha Tin Racecourse, Sha Tin, Hong Kong	ST Day Race
2019-10-23	HV	Night	CONFIRMED	Happy Valley Racecourse, Hong Kong	HV Night Race
2019-10-20	ST	Day	CONFIRMED	Sha Tin Racecourse, Sha Tin, Hong Kong	ST Day Race
2019-10-16	HV	Night	CONFIRMED	Happy Valley Racecourse, Hong Kong	HV Night Race
2019-10-12	ST	Day	CONFIRMED	Sha Tin Racecourse, Sha Tin, Hong Kong	ST Day Race
2019-10-09	HV	Night	CONFIRMED	Happy Valley Racecourse, Hong Kong	HV Night Race
2019-10-06	ST	Day	CONFIRMED	Sha Tin Racecourse, Sha Tin, Hong Kong	ST Day Race
2019-10-01	ST	Day	CONFIRMED	Sha Tin Racecourse, Sha Tin, Hong Kong	ST Day Race
2019-09-25	HV	Night	CONFIRMED	Happy Valley Racecourse, Hong Kong	HV Night Race
2019-09-21	ST	Day	CONFIRMED	Sha Tin Racecourse, Sha Tin, Hong Kong	ST Day Race
2019-09-18	HV	Night	CONFIRMED	Happy Valley Racecourse, Hong Kong	HV Night Race
2019-09-15	ST	Day	CONFIRMED	Sha Tin Racecourse, Sha Tin, Hong Kong	ST Day Race
2019-09-11	HV	Night	CONFIRMED	Happy Valley Racecourse, Hong Kong	HV Night Race
2019-09-08	ST	Day	CONFIRMED	Sha Tin Racecourse, Sha Tin, Hong Kong	ST Day Race
2019-09-01	ST	Day	CONFIRMED	Sha Tin Racecourse, Sha Tin, Hong Kong	ST Day Race
2019-05-26	ST	Day	CONFIRMED	Sha Tin Racecourse, Sha Tin, Hong Kong	ST Day Race - Standard Chartered Day - 1st race 12:30pm
2019-05-22	HV	Night	CONFIRMED	Happy Valley Racecourse, Hong Kong	HV Night Race - A Happy Wednesday Soirée - 1st race 7:15pm
2019-05-11	ST	Day	CONFIRMED	Sha Tin Racecourse, Sha Tin, Hong Kong	ST Day Race - Hong Kong Macau Trophy  - 1st race 1:00pm
2019-05-18	ST	Day	CONFIRMED	Sha Tin Racecourse, Sha Tin, Hong Kong	ST Day Race - 1st race 1:00pm
2019-05-15	HV	Night	CONFIRMED	Happy Valley Racecourse, Hong Kong	HV Night Race - A Happy Wednesday Soirée - 1st race 7:15pm
2019-05-29	HV	Night	CONFIRMED	Happy Valley Racecourse, Hong Kong	HV Night Race - A Happy Wednesday Soirée
2019-05-05	ST	Day	CONFIRMED	Sha Tin Racecourse, Sha Tin, Hong Kong	ST Day Race - Chairmen's Day - 1st race 12:30pm
2019-06-12	ST	Night	CONFIRMED	Sha Tin Racecourse, Sha Tin, Hong Kong	ST Night Race
2019-06-02	ST	Day	CONFIRMED	Sha Tin Racecourse, Sha Tin, Hong Kong	ST Day Race - Lion Rock Trophy
2019-06-23	ST	Day	CONFIRMED	Sha Tin Racecourse, Sha Tin, Hong Kong	ST Day Race - Premier Cup and Premier Plate
2019-05-08	ST	Night	CONFIRMED	Sha Tin Racecourse, Sha Tin, Hong Kong	ST Night Race - 1st race 7:15pm
2019-05-01	HV	Night	CONFIRMED	Happy Valley Racecourse, Hong Kong	HV Night Race - Korean Night - 1st race 7:15pm
2019-04-24	HV	Night	CONFIRMED	Happy Valley Racecourse, Hong Kong	HV Night Race - Prelude to FWD Champions Day - 1st race 7:15pm
2019-04-28	ST	Day	CONFIRMED	Sha Tin Racecourse, Sha Tin, Hong Kong	ST Day Race - FWD Champions Day - 1st race 12:45pm
2019-04-17	HV	Night	CONFIRMED	Happy Valley Racecourse, Hong Kong	HV Night Race - A Happy Wednesday Easter - 1st race 7:15pm
2019-04-22	ST	Day	CONFIRMED	Sha Tin Racecourse, Sha Tin, Hong Kong	ST Day Race - 1st race 1:00pm
2019-04-14	ST	Day	CONFIRMED	Sha Tin Racecourse, Sha Tin, Hong Kong	ST Day Race - 1st race 12:30pm
2019-04-10	HV	Night	CONFIRMED	Happy Valley Racecourse, Hong Kong	HV Night Race - Carnival de Happy Wednesday - 1st race 7:15pm
2019-04-07	ST	Day	CONFIRMED	Sha Tin Racecourse, Sha Tin, Hong Kong	ST Day Race - Sprint Cup and Chairman’s Trophy - 1st race 1:00pm
2019-04-03	ST	Night	CONFIRMED	Sha Tin Racecourse, Sha Tin, Hong Kong	ST Night Race - 1st race 7:15pm
2019-03-31	ST	Day	CONFIRMED	Sha Tin Racecourse, Sha Tin, Hong Kong	ST Day Race - 1st race 12:45pm
2019-03-27	HV	Night	CONFIRMED	Happy Valley Racecourse, Hong Kong	HV Night Race - Carnival de Happy Wednesday - 1st race 7:15pm
2019-03-20	HV	Night	CONFIRMED	Happy Valley Racecourse, Hong Kong	HV Night Race - St. Paddy’s Day  - 1st race 7:15pm
2019-03-24	ST	Day	CONFIRMED	Sha Tin Racecourse, Sha Tin, Hong Kong	ST Day Race - 1st race 12:45pm
2019-03-23	NA	Day	CONFIRMED		Conghua Day Race - 1st race 2:30pm
2019-03-17	ST	Day	CONFIRMED	Sha Tin Racecourse, Sha Tin, Hong Kong	ST Day Race - BMW Hong Kong Derby - 1st race 1:00pm
2019-03-13	HV	Night	CONFIRMED	Happy Valley Racecourse, Hong Kong	HV Night Race - Prelude to Derby - 1st race 7:15pm
2019-03-10	ST	Day	CONFIRMED	Sha Tin Racecourse, Sha Tin, Hong Kong	ST Day Race - 1st race 12:30pm
2019-03-06	HV	Night	CONFIRMED	Happy Valley Racecourse, Hong Kong	HV Night Race - Music Rocks the Valley - 1st race 7:15pm
2019-03-02	ST	Day	CONFIRMED	Sha Tin Racecourse, Sha Tin, Hong Kong	ST Day Race - 1st race 1:00pm
2019-02-27	HV	Night	CONFIRMED	Happy Valley Racecourse, Hong Kong	HV Night Race - Music Rocks the Valley - 1st race 7:15pm
2019-02-24	ST	Day	CONFIRMED	Sha Tin Racecourse, Sha Tin, Hong Kong	ST Day Race - 1st race 1:00pm
2019-02-20	HV	Night	CONFIRMED	Happy Valley Racecourse, Hong Kong	HV Night Race - Music Rocks the Valley - 1st race 7:15pm
2019-02-17	ST	Day	CONFIRMED	Sha Tin Racecourse, Sha Tin, Hong Kong	ST Day Race -  Citi Hong Kong Gold Cup, Queen's Silver Jubilee Cup and Hong Kong Classic Cup - 1st race 1:00pm
2019-02-13	HV	Night	CONFIRMED	Happy Valley Racecourse, Hong Kong	HV Night Race - HK Airlines Million Challenge Finale - 1st race 6:45pm
2019-02-10	ST	Day	CONFIRMED	Sha Tin Racecourse, Sha Tin, Hong Kong	ST Day Race - 1st race 1:00pm
2019-02-07	ST	Day	CONFIRMED	Sha Tin Racecourse, Sha Tin, Hong Kong	ST Day Race - 1st race 12:30pm
2019-02-02	ST	Day	CONFIRMED	Sha Tin Racecourse, Sha Tin, Hong Kong	ST Day Race - 1st race 1:00pm
2019-01-27	ST	Day	CONFIRMED	Sha Tin Racecourse, Sha Tin, Hong Kong	ST Day Race - Hong Kong Classic Mile - 1st race 1:00pm
2019-01-30	HV	Night	CONFIRMED	Happy Valley Racecourse, Hong Kong	HV Night Race - Fortune CNY - 1st race 7:15pm
2019-01-23	HV	Night	CONFIRMED	Happy Valley Racecourse, Hong Kong	HV Night Race - Wines in the Valley - 1st race 7:15pm
2019-01-20	ST	Day	CONFIRMED	Sha Tin Racecourse, Sha Tin, Hong Kong	ST Day Race - Stewards’ Cup and Centenary Sprint Cup - 1st race 1:00pm
2019-01-16	HV	Night	CONFIRMED	Happy Valley Racecourse, Hong Kong	HV Night Race - Wines in the Valley - 1st race 7:15pm
2019-01-12	ST	Day	CONFIRMED	Sha Tin Racecourse, Sha Tin, Hong Kong	ST Day Race - 1st race 1:00pm
2019-01-09	HV	Night	CONFIRMED	Happy Valley Racecourse, Hong Kong	HV Night Race - Wines in the Valley - 1st race 7:15pm
2019-01-06	ST	Day	CONFIRMED	Sha Tin Racecourse, Sha Tin, Hong Kong	ST Day Race - 1st race 1:00pm
2019-01-01	ST	Day	CONFIRMED	Sha Tin Racecourse, Sha Tin, Hong Kong	ST Day Race - Lucky Start January 1 - 1st race 12:30pm
2018-12-29	ST	Day	CONFIRMED	Sha Tin Racecourse, Sha Tin, Hong Kong	ST Day Race - Sha Tin Racecourse 40th Anniversary Raceday
2018-12-26	HV	Night	CONFIRMED	Happy Valley Racecourse, Hong Kong	HV Night Race - Happy X’mas at Happy Wednesday 
2018-12-23	ST	Day	CONFIRMED	Sha Tin Racecourse, Sha Tin, Hong Kong	ST Day Race - 1st race 12:30pm
2018-12-19	ST	Night	CONFIRMED	Sha Tin Racecourse, Sha Tin, Hong Kong	ST Night Race - 1st race 7:15pm
2018-12-16	ST	Day	CONFIRMED	Sha Tin Racecourse, Sha Tin, Hong Kong	ST Day Race - Lukfook Jewellery Race Day  - 1st race 12:30pm
2018-12-12	HV	Night	CONFIRMED	Happy Valley Racecourse, Hong Kong	HV Night Race - Happy X’mas at Happy Wednesday - 1st race 7:15pm
2018-12-09	ST	Day	CONFIRMED	Sha Tin Racecourse, Sha Tin, Hong Kong	ST Day Race - LONGINES HKIR - 1st race 12:25pm
2018-12-05	HV	Night	CONFIRMED	Happy Valley Racecourse, Hong Kong	HV Night Race - LONGINES International Jockeys’ Championship - 1st race 6:30pm
2018-11-28	HV	Night	CONFIRMED	Happy Valley Racecourse, Hong Kong	HV Night Race - LONGINES IJC prelude party  - 1st race 7:15pm
2018-12-02	ST	Day	CONFIRMED	Sha Tin Racecourse, Sha Tin, Hong Kong	ST Day Race - 1st race 1:00pm
2018-11-25	ST	Day	CONFIRMED	Sha Tin Racecourse, Sha Tin, Hong Kong	ST Day Race- 1st race 12:45pm
2018-11-21	HV	Night	CONFIRMED	Happy Valley Racecourse, Hong Kong	HV Night Race - Japan Night - 1st race 7:15pm
2018-11-18	ST	Day	CONFIRMED	Sha Tin Racecourse, Sha Tin, Hong Kong	ST Day Race - Bank of China (Hong Kong) Race Day - 1st race 1:00pm
2018-11-14	HV	Night	CONFIRMED	Happy Valley Racecourse, Hong Kong	HV Night Race - Japan Night - 1st race 7:15pm
2018-11-10	ST	Day	CONFIRMED	Sha Tin Racecourse, Sha Tin, Hong Kong	ST Day Race - 1st race 1:00pm
2018-11-07	HV	Night	CONFIRMED	Happy Valley Racecourse, Hong Kong	HV Night Race - Japan Night - 1st race 7:15pm
2018-11-04	ST	Day	CONFIRMED	Sha Tin Racecourse, Sha Tin, Hong Kong	ST Day Race - Sa Sa Ladies' Purse Day - 1st race 13:00pm
2018-10-31	ST	Night	CONFIRMED	Sha Tin Racecourse, Sha Tin, Hong Kong	ST Night Race - 1st race 7:15pm
2018-10-28	HV	Day	CONFIRMED	Happy Valley Racecourse, Hong Kong	HV Day Race - 1st race 12:45pm
2018-10-24	HV	Night	CONFIRMED	Happy Valley Racecourse, Hong Kong	HV Night Race - Boomerang party - 1st race 7:15pm
2018-10-21	ST	Day	CONFIRMED	Sha Tin Racecourse, Sha Tin, Hong Kong	ST Day Race - 1st race 1:00pm
2018-10-18	HV	Night	CONFIRMED	Happy Valley Racecourse, Hong Kong	HV Night Race - Happy Wednesday - 1st race 7:15pm
2018-10-13	ST	Day	CONFIRMED	Sha Tin Racecourse, Sha Tin, Hong Kong	ST Day Race - 1st race 1:00pm
2018-10-10	HV	Night	CONFIRMED	Happy Valley Racecourse, Hong Kong	HV Night Race - Oktoberfest - 1st race 7:15pm
2018-10-03	HV	Night	CONFIRMED	Happy Valley Racecourse, Hong Kong	HV Night Race - Oktoberfest - 1st race 7:15pm 
2018-10-07	ST	Day	CONFIRMED	Sha Tin Racecourse, Sha Tin, Hong Kong	ST Day Race  - 1st race 1:00pm
2018-10-01	ST	Day	CONFIRMED	Sha Tin Racecourse, Sha Tin, Hong Kong	ST Day Race - National Day Race Meeting - 1st race 1:00pm
2018-09-26	HV	Night	CONFIRMED	Happy Valley Racecourse, Hong Kong	HV Night Race - Oktoberfest - 1st race 7:15pm
2018-09-22	ST	Day	CONFIRMED	Sha Tin Racecourse, Sha Tin, Hong Kong	ST Day Race - 1st race 1:00pm
2019-07-14	ST	Day	CONFIRMED	Sha Tin Racecourse, Sha Tin, Hong Kong	ST Day Race
2019-07-10	HV	Night	CONFIRMED	Happy Valley Racecourse, Hong Kong	HV Night Race
2019-07-07	ST	Day	CONFIRMED	Sha Tin Racecourse, Sha Tin, Hong Kong	ST Day Race
2019-07-03	HV	Night	CONFIRMED	Happy Valley Racecourse, Hong Kong	HV Night Race
2019-07-01	ST	Day	CONFIRMED	Sha Tin Racecourse, Sha Tin, Hong Kong	ST Day Race
2019-06-26	HV	Night	CONFIRMED	Happy Valley Racecourse, Hong Kong	HV Night Race
2019-06-16	ST	Day	CONFIRMED	Sha Tin Racecourse, Sha Tin, Hong Kong	ST Day Race
2019-06-08	ST	Day	CONFIRMED	Sha Tin Racecourse, Sha Tin, Hong Kong	ST Day Race
2019-06-05	HV	Night	CONFIRMED	Happy Valley Racecourse, Hong Kong	HV Night Race
2018-09-12	HV	Night	CONFIRMED	Happy Valley Racecourse, Hong Kong	HV Night Race - Happy Wednesday’s BACK - 1st race 7:15pm
2018-09-09	ST	Day	CONFIRMED	Sha Tin Racecourse, Sha Tin, Hong Kong	ST Day Race - 1st race 12:50pm
2018-09-05	HV	Night	CONFIRMED	Happy Valley Racecourse, Hong Kong	HV Night Race - Happy Wednesday’s BACK  - 1st race 7:15pm
2018-09-02	ST	Day	CONFIRMED	Sha Tin Racecourse, Sha Tin, Hong Kong	ST Day Race - Season Opening - 1st race 1:00pm
2018-07-15	ST	Day	CONFIRMED	Sha Tin Racecourse, Sha Tin, Hong Kong	ST Day Race - Season Finale  - 1st race 12:30pm
2018-07-11	HV	Night	CONFIRMED	Happy Valley Racecourse, Hong Kong	HV Night Race - Happy Wednesday Finale - 1st race 7:15pm
2018-07-08	ST	Day	CONFIRMED	Sha Tin Racecourse, Sha Tin, Hong Kong	ST Day Race - 1st race 12:30pm
2018-07-04	HV	Night	CONFIRMED	Happy Valley Racecourse, Hong Kong	HV Night Race - The Happy Wednesday Carnivale of Action - 1st race 7:15pm
2018-07-01	ST	Day	CONFIRMED	Sha Tin Racecourse, Sha Tin, Hong Kong	ST Day Race - 1st race 1:00pm
2018-04-15	ST	Day	CONFIRMED	Sha Tin Racecourse, Sha Tin, Hong Kong	ST Day Race - 1st race 12:30pm
2018-04-08	ST	Day	CONFIRMED	Sha Tin Racecourse, Sha Tin, Hong Kong	ST Day Race - 1st race 1:00pm
2018-04-02	ST	Day	CONFIRMED	Sha Tin Racecourse, Sha Tin, Hong Kong	ST Day Race - Easter Raceday - 1st race 1:00pm
2017-12-13	HV	Night	CONFIRMED	Happy Valley Racecourse, Hong Kong	HV Night Race - A Happy Wednesday Disco X’mas - 1st race 7:15pm
2017-11-26	ST	Day	CONFIRMED	Sha Tin Racecourse, Sha Tin, Hong Kong	ST Day Race - 1st race 12:45pm
2017-11-22	HV	Night	CONFIRMED	Happy Valley Racecourse, Hong Kong	HV Night Race - Happy Wednesday Japan Night - 1st race 7:15pm
2017-11-15	HV	Night	CONFIRMED	Happy Valley Racecourse, Hong Kong	HV Night Race - Happy Wednesday Japan Night - 1st race 7:15pm
2017-11-08	HV	Night	CONFIRMED	Happy Valley Racecourse, Hong Kong	HV Night Race - Happy Wednesday Japan Night - 1st race 7:15pm
2018-06-24	ST	Day	CONFIRMED	Sha Tin Racecourse, Sha Tin, Hong Kong	ST Day Race - Premier Cup and Premier Plate - 1st race 1:00pm
2018-06-16	ST	Day	CONFIRMED	Sha Tin Racecourse, Sha Tin, Hong Kong	ST Day Race - 1st race 1:00pm
2018-06-13	HV	Night	CONFIRMED	Happy Valley Racecourse, Hong Kong	HV Night Race - The Happy Wednesday Carnivale of Action - 1st race 7:15pm
2018-06-10	ST	Day	CONFIRMED	Sha Tin Racecourse, Sha Tin, Hong Kong	ST Day Race - 1st race 12:30pm
2018-06-06	HV	Night	CONFIRMED	Happy Valley Racecourse, Hong Kong	HV Night Race - The Happy Wednesday Carnivale of Action - 1st race 7:15pm
2017-11-05	ST	Day	CONFIRMED	Sha Tin Racecourse, Sha Tin, Hong Kong	ST Day Race - Sa Sa Ladies’ Purse Day - 1st race 1:00pm
2017-11-01	ST	Night	CONFIRMED	Sha Tin Racecourse, Sha Tin, Hong Kong	ST Night Race - 1st race 7:15pm
2017-10-29	HV	Day	CONFIRMED	Happy Valley Racecourse, Hong Kong	HV Day Race - 1st race 1:00pm
2018-06-03	ST	Day	CONFIRMED	Sha Tin Racecourse, Sha Tin, Hong Kong	ST Day Race - 1st race 12:45pm
2018-05-20	ST	Day	CONFIRMED	Sha Tin Racecourse, Sha Tin, Hong Kong	ST Day Race - 1st race 1:00pm
2018-04-18	HV	Night	CONFIRMED	Happy Valley Racecourse, Hong Kong	HV Night Race - Korean Night - 1st race 7:15pm
2017-10-25	HV	Night	CONFIRMED	Happy Valley Racecourse, Hong Kong	HV Night Race - Oktoberfest - 1st race 7:15pm
2017-10-18	HV	Night	CONFIRMED	Happy Valley Racecourse, Hong Kong	HV Night Race - Oktoberfest - 1st race 7:15pm
2018-04-25	HV	Night	CONFIRMED	Happy Valley Racecourse, Hong Kong	HV Night Race - Korean Night - 1st race 7:15pm
2017-10-14	ST	Day	CONFIRMED	Sha Tin Racecourse, Sha Tin, Hong Kong	ST Day Race - 1st race 1:00pm
2017-10-08	ST	Day	CONFIRMED	Sha Tin Racecourse, Sha Tin, Hong Kong	ST Day Race - 1st race 1:00pm
2018-04-21	ST	Day	CONFIRMED	Sha Tin Racecourse, Sha Tin, Hong Kong	ST Day Race - 1st race 1:00pm
2018-04-29	ST	Day	CONFIRMED	Sha Tin Racecourse, Sha Tin, Hong Kong	ST Day Race - Champions Day - 1st race 12:45pm
2018-05-30	ST	Night	CONFIRMED	Sha Tin Racecourse, Sha Tin, Hong Kong	ST Night Race - 1st race 7:15pm
2018-05-27	ST	Day	CONFIRMED	Sha Tin Racecourse, Sha Tin, Hong Kong	ST Day Race - Standard Chartered Champions & Chater Cup - 1st race 12:30pm
2018-05-23	HV	Night	CONFIRMED	Happy Valley Racecourse, Hong Kong	HV Night Race - Happy Wednesday’s French Night - 1st race 7:15pm
2018-05-16	HV	Night	CONFIRMED	Happy Valley Racecourse, Hong Kong	HV Night Race - Happy Wednesday’s French Night - 1st race 7:15pm
2018-05-12	ST	Day	CONFIRMED	Sha Tin Racecourse, Sha Tin, Hong Kong	ST Day Race - 1st race 1:00pm
2018-05-09	HV	Night	CONFIRMED	Happy Valley Racecourse, Hong Kong	HV Night Race - Happy Wednesday’s French Night - 1st race 7:15pm
2018-05-06	ST	Day	CONFIRMED	Sha Tin Racecourse, Sha Tin, Hong Kong	ST Day Race  - 1st race 12:30pm
2018-05-02	ST	Night	CONFIRMED	Sha Tin Racecourse, Sha Tin, Hong Kong	ST Night Race - 1st race 7:15pm
2017-07-16	ST	Day	CONFIRMED	Sha Tin Racecourse, Sha Tin, Hong Kong	ST Day Race- Sha Tin Season Finale - 1st race 12:30pm
2018-06-27	HV	Night	CONFIRMED	Happy Valley Racecourse, Hong Kong	HV Night Race - The Happy Wednesday Carnivale of Action - 1st race 7:15pm
2018-04-11	HV	Night	CONFIRMED	Happy Valley Racecourse, Hong Kong	HV Night Race - Korean Night - 1st race 7:15pm
2018-03-28	HV	Night	CONFIRMED	Happy Valley Racecourse, Hong Kong	HV Night Race - Happy Wednesday Easter - 1st race 7:15pm
2018-03-25	ST	Day	CONFIRMED	Sha Tin Racecourse, Sha Tin, Hong Kong	ST Day Race - 1st race 12:45pm
2018-03-21	HV	Night	CONFIRMED	Happy Valley Racecourse, Hong Kong	HV Night Race -  - Happy Wednesday Easter - 1st race 7:15pm
2017-07-09	ST	Day	CONFIRMED	Sha Tin Racecourse, Sha Tin, Hong Kong	ST Day Race - 1st race 12:45pm
2018-01-31	HV	Night	CONFIRMED	Happy Valley Racecourse, Hong Kong	HV Night Race - Wines in the Valley - 1st race 7:15pm
2018-02-04	ST	Day	CONFIRMED	Sha Tin Racecourse, Sha Tin, Hong Kong	ST Day Race - Centenary Vase - 1st race 1:00pm
2018-01-28	ST	Day	CONFIRMED	Sha Tin Racecourse, Sha Tin, Hong Kong	ST Day Race - Stewards' Cup & Centenary Sprint Cup- 1st race 1:00pm
2018-01-24	ST	Night	CONFIRMED	Sha Tin Racecourse, Sha Tin, Hong Kong	ST Night Race - 1st race 7:15pm
2017-05-28	ST	Day	CONFIRMED	Sha Tin Racecourse, Sha Tin, Hong Kong	ST Day Race - Standard Chartered Champions & Chater Cup - 1st race 12:30pm
2018-03-18	ST	Day	CONFIRMED	Sha Tin Racecourse, Sha Tin, Hong Kong	ST Day Race - BMW HK Derby - 1st race 1:00pm
2018-03-14	HV	Night	CONFIRMED	Happy Valley Racecourse, Hong Kong	HV Night Race - St. Patrick’s Night - 1st race 7:15pm
2018-03-11	ST	Day	CONFIRMED	Sha Tin Racecourse, Sha Tin, Hong Kong	ST Day Race - 1st race 1:00pm
2018-03-03	ST	Day	CONFIRMED	Sha Tin Racecourse, Sha Tin, Hong Kong	ST Day Race - 1st race 1:00pm
2018-02-28	ST	Night	CONFIRMED	Sha Tin Racecourse, Sha Tin, Hong Kong	ST Night Race - 1st race 7:15pm
2018-03-07	HV	Night	CONFIRMED	Happy Valley Racecourse, Hong Kong	HV Night Race - St. Patrick’s Night - 1st race 7:15pm
2018-02-25	ST	Day	CONFIRMED	Sha Tin Racecourse, Sha Tin, Hong Kong	ST Day Race - Citi HK Gold Cup / Queen's Silver Jubilee Cup - 1st race 12:30pm
2018-02-21	HV	Night	CONFIRMED	Happy Valley Racecourse, Hong Kong	HV Night Race - 1st race 6:45pm
2018-02-18	ST	Day	CONFIRMED	Sha Tin Racecourse, Sha Tin, Hong Kong	ST Day Race - 1st race 12:30pm
2018-02-14	HV	Night	CONFIRMED	Happy Valley Racecourse, Hong Kong	HV Night Race - 1st race 7:15pm
2018-02-10	ST	Day	CONFIRMED	Sha Tin Racecourse, Sha Tin, Hong Kong	ST Day Race - 1st race 1:00pm
2018-02-07	HV	Night	CONFIRMED	Happy Valley Racecourse, Hong Kong	HV Night Race - Wines in the Valley - 1st race 7:15pm
2018-01-17	HV	Night	CONFIRMED	Happy Valley Racecourse, Hong Kong	HV Night Race - Wines in the Valley - 1st race 7:15pm
2018-01-21	ST	Day	CONFIRMED	Sha Tin Racecourse, Sha Tin, Hong Kong	ST Day Race - Hong Kong Classic Mile - 1st race 1:00pm
2018-01-13	ST	Day	CONFIRMED	Sha Tin Racecourse, Sha Tin, Hong Kong	ST Day Race - 1st race 1:00pm
2018-01-10	HV	Night	CONFIRMED	Happy Valley Racecourse, Hong Kong	HV Night Race - Happy Wednesday’s Bollywood - 1st race 7:15pm
2018-01-07	ST	Day	CONFIRMED	Sha Tin Racecourse, Sha Tin, Hong Kong	ST Day Race  - 1st race 1:00pm
2018-01-01	ST	Day	CONFIRMED	Sha Tin Racecourse, Sha Tin, Hong Kong	ST Day Race - Lucky Start Jan 1 - 1st race 12:30pm
2017-12-27	HV	Night	CONFIRMED	Happy Valley Racecourse, Hong Kong	HV Night Race - Happy Wednesday’s Bollywood - 1st race 7:15pm
2017-12-23	ST	Day	CONFIRMED	Sha Tin Racecourse, Sha Tin, Hong Kong	ST Day Race - 1st race 1:00pm
2017-12-20	HV	Night	CONFIRMED	Happy Valley Racecourse, Hong Kong	HV Night Race - A Happy Wednesday Disco X’mas - 1st race 7:15pm
2017-12-17	ST	Day	CONFIRMED	Sha Tin Racecourse, Sha Tin, Hong Kong	ST Day Race - Lukfook Jewellery Race Day  - 1st race 1:00pm
2017-12-10	ST	Day	CONFIRMED	Sha Tin Racecourse, Sha Tin, Hong Kong	ST Day Race - LONGINES HKIR- 1st race 12:25pm
2017-12-03	ST	Day	CONFIRMED	Sha Tin Racecourse, Sha Tin, Hong Kong	ST Day Race - 1st race 1:00pm
2017-12-06	HV	Night	CONFIRMED	Happy Valley Racecourse, Hong Kong	HV Night Race - LONGINES IJC - 1st race 6:30pm
2017-11-29	HV	Night	CONFIRMED	Happy Valley Racecourse, Hong Kong	HV Night Race - 1st race 7:15pm
2017-11-19	ST	Day	CONFIRMED	Sha Tin Racecourse, Sha Tin, Hong Kong	ST Day Race - Bank of China (HK) Raceday - 1st race 1:00pm
2017-11-11	ST	Day	CONFIRMED	Sha Tin Racecourse, Sha Tin, Hong Kong	ST Day Race - 1st race 1:00pm
2017-10-22	ST	Day	CONFIRMED	Sha Tin Racecourse, Sha Tin, Hong Kong	ST Day Race - Gentlemen’s Bow Tie Raceday - 1st race 1:00pm
2017-10-11	HV	Night	CONFIRMED	Happy Valley Racecourse, Hong Kong	HV Night Race - Oktoberfest - 1st race 7:15pm
2017-09-20	HV	Night	CONFIRMED	Happy Valley Racecourse, Hong Kong	HV Night Race - Happy Wednesday Boomerang party - 1st race 7:15pm
2017-09-24	ST	Day	CONFIRMED	Sha Tin Racecourse, Sha Tin, Hong Kong	ST Day Race - 1st race 1:00pm
2017-09-27	HV	Night	CONFIRMED	Happy Valley Racecourse, Hong Kong	HV Night Race - Happy Wednesday Boomerang party - 1st race 7:15pm
2017-10-01	ST	Day	CONFIRMED	Sha Tin Racecourse, Sha Tin, Hong Kong	ST Day Race - National Day Race Meeting - 1st race 12:45pm
2017-10-05	HV	Night	CONFIRMED	Happy Valley Racecourse, Hong Kong	HV Night Race - Oktoberfest - 1st race 7:15pm
2017-09-16	ST	Day	CONFIRMED	Sha Tin Racecourse, Sha Tin, Hong Kong	ST Day Race - 1st race 1:00pm
2017-09-13	HV	Night	CONFIRMED	Happy Valley Racecourse, Hong Kong	HV Night Race - Happy Wednesday's back - 1st race 7:15pm
2017-09-06	HV	Night	CONFIRMED	Happy Valley Racecourse, Hong Kong	HV Night Race - Happy Wednesday is back - 1st race 7:15pm
2017-09-10	ST	Day	CONFIRMED	Sha Tin Racecourse, Sha Tin, Hong Kong	ST Day Race - 1st race 12:35pm
2017-09-03	ST	Day	CONFIRMED	Sha Tin Racecourse, Sha Tin, Hong Kong	ST Day Race - Season Opening - 1st race 1:00pm
2017-07-12	HV	Night	CONFIRMED	Happy Valley Racecourse, Hong Kong	HV Night Race - Happy Wednesday's finale - 1st race 7:15pm
2017-07-01	ST	Day	CONFIRMED	Sha Tin Racecourse, Sha Tin, Hong Kong	ST Day Race - HK Reunification Raceday - 1st race 1:00pm
2017-06-28	HV	Night	CONFIRMED	Happy Valley Racecourse, Hong Kong	HV Night Race - Happy Wednesday Carnivale of Action - 1st race 7:15pm
2017-06-25	ST	Day	CONFIRMED	Sha Tin Racecourse, Sha Tin, Hong Kong	ST Day Race - Premier Cup and Premier Plate - 1st race 12:45pm
2017-06-21	HV	Night	CONFIRMED	Happy Valley Racecourse, Hong Kong	HV Night Race - Happy Wednesday Carnivale of Action - 1st race 7:15pm
2017-06-18	ST	Day	CONFIRMED	Sha Tin Racecourse, Sha Tin, Hong Kong	ST Day Race - Happy Father’s Day - 1st race 1:00pm
2017-06-14	HV	Night	CONFIRMED	Happy Valley Racecourse, Hong Kong	HV Night Race - Happy Wednesday Carnivale of Action - 1st race 7:15pm
2017-06-11	ST	Day	CONFIRMED	Sha Tin Racecourse, Sha Tin, Hong Kong	ST Day Race - 1st race 1:00pm
2017-06-07	HV	Night	CONFIRMED	Happy Valley Racecourse, Hong Kong	HV Night Race - Happy Wednesday Carnivale of Action - 1st race 7:15pm
2017-06-04	ST	Day	CONFIRMED	Sha Tin Racecourse, Sha Tin, Hong Kong	ST Day Race - 1st race 12:45pm
2017-05-31	ST	Night	CONFIRMED	Sha Tin Racecourse, Sha Tin, Hong Kong	ST Night Race - 1st race 7:15pm
2017-05-24	HV	Night	CONFIRMED	Happy Valley Racecourse, Hong Kong	HV Night Race - Happy Wednesday French Night - 1st race 7:15pm
2017-05-21	ST	Day	CONFIRMED	Sha Tin Racecourse, Sha Tin, Hong Kong	ST Day Race - 1st race 1:00pm
2017-05-17	HV	Night	CONFIRMED	Happy Valley Racecourse, Hong Kong	HV Night Race - Happy Wednesday French Night - 1st race 7:15pm
2017-05-13	ST	Day	CONFIRMED	Sha Tin Racecourse, Sha Tin, Hong Kong	ST Day Race - 1st race 1:00pm
2017-05-10	HV	Night	CONFIRMED	Happy Valley Racecourse, Hong Kong	HV Night Race - Happy Wednesday French Night - 1st race 7:15pm
2017-05-03	HV	Night	CONFIRMED	Hong Kong Jockey Club Happy Valley Racecourse, 6/F Grandstand, Happy Valley Racecourse, Happy Valley, Hong Kong	HV Night Race - Digital Night - 1st race 7:15pm
2017-05-07	ST	Day	CONFIRMED	Sha Tin Racecourse, Sha Tin, Hong Kong	ST Day Race - Champions Mile and Chairman's Sprint Prize - 1st race 1:00pm
2017-04-30	ST	Day	CONFIRMED	Sha Tin Racecourse, Sha Tin, Hong Kong	ST Day Race - Audemars Piguet QEII Cup Raceday - 1st race 1:00pm
2017-04-26	HV	Night	CONFIRMED	Happy Valley Racecourse, Hong Kong	HV Night Race - Digital Night - 1st race 7:15pm
2017-04-23	ST	Day	CONFIRMED	Sha Tin Racecourse, Sha Tin, Hong Kong	ST Day Race - 1st race starts 1:00pm 
2017-04-20	HV	Night	CONFIRMED	Happy Valley Racecourse, Hong Kong	HV Night Race - Digital Night - 1st race 7:15pm
2015-09-16	HV	Night	CONFIRMED	Happy Valley Racecourse	Happy Wednesday comeback - 1st race 7:15 pm - Happy Valley Night Race
2015-09-19	ST	Day	CONFIRMED	Sha Tin Racecourse	Kwoon Chung Bus Golden Jubilee Race Day - 1st Race 1:00pm - Sha Tin Day Race
2015-09-23	HV	Night	CONFIRMED	Happy Valley Racecourse	Oktoberfest- 1st race 7:15pm - Happy Valley Night Race
2015-09-28	ST	Day	CONFIRMED	Sha Tin Racecourse	1st Race 1:00pm - Sha Tin Day Race
2015-10-01	ST	Day	CONFIRMED	Sha Tin Racecourse	National Day Race Meeting - 1st Race 1:00pm - Sha Tin Day Race
2015-10-04	ST	Day	CONFIRMED	Sha Tin Racecourse	1st race 12:45pm - Sha Tin Day Race
2015-10-07	HV	Night	CONFIRMED	Happy Valley Racecourse	Oktoberfest- 1st race 7:15pm - Happy Valley Night Race
2015-10-10	ST	Day	CONFIRMED	Sha Tin Racecourse	Lukfook Jewellery Race Day  -1st race 1:00pm -  Sha Tin Day Race
2016-09-18	ST	Day	CONFIRMED	Sha Tin Racecourse, Sha Tin, Hong Kong	1st race 1:00pm - Sha Tin Day Race
2016-12-22	HV	Night	CONFIRMED	Happy Valley Racecourse, Hong Kong	HV Night Race - Happy Wednesday Xmas - 1st race 7:15pm
2016-12-27	ST	Day	CONFIRMED	Sha Tin Racecourse, Sha Tin, Hong Kong	ST Day Race - 1st race 12:30pm
2017-01-30	ST	Day	CONFIRMED	Sha Tin Racecourse, Sha Tin, Hong Kong	ST Day Race - Chinese New Year Raceday- 1st 12:30pm
2017-02-11	ST	Day	CONFIRMED	Sha Tin Racecourse, Sha Tin, Hong Kong	ST Day Race - 1st race 1:00pm
2017-03-01	ST	Night	CONFIRMED	Sha Tin Racecourse, Sha Tin, Hong Kong	ST Night Race - 1st race 7:15pm
2017-03-15	HV	Night	CONFIRMED	Happy Valley Racecourse, Hong Kong	HV Night Race - Happy Wednesday Boomerang party - 1st race 7:15pm
2017-03-22	HV	Night	CONFIRMED	Happy Valley Racecourse, Hong Kong	HV Night Race - Happy Wednesday Boomerang party - 1st race 7:15pm
2017-03-29	HV	Night	CONFIRMED	Hong Kong Jockey Club Happy Valley Racecourse, 6/F Grandstand, Happy Valley Racecourse, Happy Valley, Hong Kong	HV Night Race - Hoppy Easter - 1st race 7:15pm
2015-09-13	ST	Day	CONFIRMED	Sha Tin Racecourse	1st Race 1:00pm - Sha Tin Day Race
2015-11-25	HV	Night	CONFIRMED	Happy Valley Racecourse	1st race 7:15pm - Bond At The Valley - Happy Valley Night Race
2015-11-21	ST	Day	CONFIRMED	Sha Tin Racecourse	1st race 1:00pm - Lead-up races for the LONGINES HKIR - Sha Tin Day Race
2015-11-18	ST	Night	CONFIRMED	Sha Tin Racecourse	1st race 7:15pm - Sha Tin Night Race
2015-11-14	ST	Day	CONFIRMED	Sha Tin Racecourse	1st Race 1:00pm - Panasonic Cup Race Day - Sha Tin Day Race
2015-11-11	HV	Night	CONFIRMED	Happy Valley Racecourse	1st race 6:45pm - Bond At the Valley - Happy Valley Night Race
2015-11-08	ST	Day	CONFIRMED	Sha Tin Racecourse	1st race 12:30pm - Sa Sa Ladies’ Purse Day - Sha Tin Day Race
2015-11-01	HV	Day	CONFIRMED	Happy Valley Racecourse	1st race 12:45pm - Happy Valley Day Race
2015-10-25	ST	Day	CONFIRMED	Sha Tin Racecourse	Gentlemen’s Bow-tie Day - 1st Race 1:00pm - Sha Tin Day Race
2015-10-22	HV	Night	CONFIRMED	Happy Valley Racecourse	Oktoberfest- 1st race 7:15pm - Happy Valley Night Race
2015-10-18	ST	Day	CONFIRMED	Sha Tin Racecourse	1st race 12:30pm - Sha Tin Day Race
2015-10-14	HV	Night	CONFIRMED	Happy Valley Racecourse	Oktoberfest - 1st race 7:15pm - Happy Valley Night Race
2015-09-09	HV	Night	CONFIRMED	Happy Valley Racecourse	Happy Wednesday comeback - 1st race 7:15 pm - Happy Valley Night Race
2016-09-11	ST	Day	CONFIRMED	Sha Tin Racecourse, Sha Tin, Hong Kong	1st race 1:00pm - Sha Tin Day Race
2016-07-10	ST	Day	CONFIRMED	Sha Tin Racecourse	1st race 12:30pm - Sha Tin Day Finale - Sha Tin Day Race
2016-04-20	HV	Night	CONFIRMED	Happy Valley Racecourse	1st race 7:15pm - Digital Nights at Happy Wednesday - Happy Valley Night Race
2016-03-28	ST	Day	CONFIRMED	Sha Tin Racecourse	1st race 12:30pm- Sha Tin Day Race (Easter)
2016-02-17	HV	Night	CONFIRMED	Happy Valley Racecourse	1st race 7:15pm - Year of the Monkey Spring Party - Happy Valley Night Race
2015-12-23	HV	Night	CONFIRMED	Happy Valley Racecourse	1st race 7:15pm - Happy Valley Night Race
2015-12-16	HV	Night	CONFIRMED	Happy Valley Racecourse	1st race 7:15pm - Happy Wednesday Christmas - Happy Valley Night Race
2015-12-13	ST	Day	CONFIRMED	Sha Tin Racecourse	1st race 12:25pm - LONGINES Hong Kong International Races - Sha Tin Day Race
2015-12-09	HV	NA	CONFIRMED	Happy Valley Racecourse	1st race 6:30pm - LONGINES International Jockeys' Championship - Happy Valley Racecourse
2015-12-06	ST	Day	CONFIRMED	Sha Tin Racecourse	1st race 12:15pm - Sha Tin Day Race
2015-11-29	ST	Day	CONFIRMED	Sha Tin Racecourse	1st race 12:45pm - Sha Tin Day Race
2015-09-06	ST	Day	CONFIRMED	Sha Tin Racecourse	Season Opening  - 1st Race 1:00pm - Sha Tin Day Race
2017-04-17	ST	Day	CONFIRMED	Sha Tin Racecourse, Sha Tin, Hong Kong	ST Day Race - 1st race 1:00pm
2017-04-12	HV	Night	CONFIRMED	Happy Valley Racecourse, Hong Kong	HV Night Race - Hoppy Easter - 1st race 7:15pm
2017-04-09	ST	Day	CONFIRMED	Sha Tin Day Race	ST Day Race - Sprint Cup and Chairman's Trophy - 1st race 1:00pm
2017-04-05	ST	Night	CONFIRMED	Sha Tin Racecourse, Sha Tin, Hong Kong	ST Night Race - 1st race 7:15pm
2017-04-02	ST	Day	CONFIRMED	Sha Tin Racecourse, Sha Tin, Hong Kong	ST Day Race - 1st race 1:00pm
2017-03-26	ST	Day	CONFIRMED	Sha Tin Racecourse, Sha Tin, Hong Kong	ST Day Race - 1st race 12:45pm
2017-03-19	ST	Day	CONFIRMED	Sha Tin Racecourse, Sha Tin, Hong Kong	ST Day Race - BMW Hong Kong Derby - 1st race 1:00pm
2017-03-12	ST	Day	CONFIRMED	Sha Tin Racecourse, Sha Tin, Hong Kong	ST Day Race - 1st race 1:00pm
2017-03-08	HV	Night	CONFIRMED	Happy Valley Racecourse, Hong Kong	HV Night Race - Happy Wednesday Boomerang party - 1st race 7:15pm
2017-03-05	ST	Day	CONFIRMED	Sha Tin Racecourse, Sha Tin, Hong Kong	ST Day Race - Hong Kong Macau Trophy - 1st race 12:30pm
2017-02-26	ST	Day	CONFIRMED	Sha Tin Racecourse, Sha Tin, Hong Kong	ST Day Race - Citi Hong Kong Gold Cup & Queen's Silver Jubilee Cup - 1st race 1:00pm
2017-02-22	HV	Night	CONFIRMED	Happy Valley Racecourse, Hong Kong	HV Night Race - Wine In The Valley - 1st race 7:15pm
2017-02-19	ST	Day	CONFIRMED	Sha Tin Racecourse, Sha Tin, Hong Kong	ST Day Race - Hong Kong Classic Cup - 1st race 1:00pm
2017-02-15	HV	Night	CONFIRMED	Happy Valley Racecourse, Hong Kong	HV Night Race - Wines in the Valley - 1st race 7:15pm
2017-02-08	HV	Night	CONFIRMED	Happy Valley Racecourse, Hong Kong	HV Night Race - Wines in the Valley - 1st race 7:15pm
2017-02-05	ST	Day	CONFIRMED	Sha Tin Racecourse, Sha Tin, Hong Kong	ST Day Race - Centenary Vase - 1st race 1:00pm
2017-02-02	HV	Night	CONFIRMED	Happy Valley Racecourse, Hong Kong	HV Night Race - Welcome to the Year of the Happy Wednesday Rooster - 1st race 7:15pm
2017-01-04	HV	Night	CONFIRMED	Happy Valley Racecourse, Hong Kong	HV Night Race - Bollywood Night - 1st race 7:15pm
2017-01-25	HV	Night	CONFIRMED	Happy Valley Racecourse, Hong Kong	HV Night Race - Welcome to the Year of the Happy Wednesday Rooster- 1st race 6:45pm
2017-01-22	ST	Day	CONFIRMED	Sha Tin Racecourse, Sha Tin, Hong Kong	ST Day Race -  Hong Kong Classic Mile - 1st race 1:00pm
2017-01-18	ST	Night	CONFIRMED	Sha Tin Racecourse, Sha Tin, Hong Kong	ST Night Race - 1st race 7:15pm
2017-01-14	ST	Day	CONFIRMED	Sha Tin Racecourse, Sha Tin, Hong Kong	ST Day Race - 1st race 1:00pm
2017-01-11	HV	Night	CONFIRMED	Happy Valley Racecourse, Hong Kong	HV Night Race - Bollywood Night - 1st race 7:15pm
2017-01-08	ST	Day	CONFIRMED	Sha Tin Racecourse, Sha Tin, Hong Kong	ST Day Race - 1st race 1:00pm
2017-01-01	ST	Day	CONFIRMED	Sha Tin Racecourse, Sha Tin, Hong Kong	ST Day Race - Lucky Start Jan 1 - 1st race 12:30pm
2016-12-17	ST	Day	CONFIRMED	Sha Tin Racecourse, Sha Tin, Hong Kong	ST Day Race - Lukfook Jewellery Raceday - 1st race 1:00pm
2016-12-14	HV	Night	CONFIRMED	Happy Valley Racecourse, Hong Kong	HV Night Race - Happy Wednesday Xmas - 1st race 7:15pm
2016-12-11	ST	Day	CONFIRMED	Sha Tin Racecourse, Sha Tin, Hong Kong	ST Day Race - LONGINES Hong Kong International Races - 1st race 12:25pm
2016-12-07	HV	Night	CONFIRMED	Happy Valley Racecourse, Hong Kong	HV Night Race - LONGINES International Jockeys’ Championship - 1st race 6:30pm
2016-12-04	ST	Day	CONFIRMED	Sha Tin Racecourse, Sha Tin, Hong Kong	ST Day Race - 1st race 1:00pm
2016-11-30	HV	Night	CONFIRMED	Happy Valley Racecourse, Hong Kong	HV Night Race - Prelude party night for the IJC - 1st race 7:15pm
2016-11-27	ST	Day	CONFIRMED	Sha Tin Racecourse, Sha Tin, Hong Kong	ST Day Race - 1st race 12:15pm
2016-11-23	HV	Night	CONFIRMED	Happy Valley Racecourse, Hong Kong	HV Night Race - Japan Night - 1st race 7:15pm
2016-11-20	ST	Day	CONFIRMED	Sha Tin Racecourse, Sha Tin, Hong Kong	ST Day Race - 1st race 1:00pm
2016-11-16	HV	Night	CONFIRMED	Happy Valley Racecourse, Hong Kong	HV Night Race - Japan Night - 1st race 7:15pm
2016-11-12	ST	Day	CONFIRMED	Sha Tin Racecourse, Sha Tin, Hong Kong	ST Day Race - 1st race 1:00pm
2016-11-09	HV	Night	CONFIRMED	Happy Valley Racecourse, Hong Kong	HV Night Race - Japan Night - 1st race 7:15pm
2016-11-06	ST	Day	CONFIRMED	Sha Tin Racecourse, Sha Tin, Hong Kong	ST Day Race - Sa Sa Ladies’ Purse Day - 1st 12:30pm
2016-11-02	ST	Night	CONFIRMED	Sha Tin Racecourse, Sha Tin, Hong Kong	ST Night Race - 1st race 7:15pm
2016-10-30	HV	Day	CONFIRMED	Happy Valley Racecourse, Hong Kong	HV Day Race - 1st race 12:45pm
2016-10-26	HV	Night	CONFIRMED	Happy Valley Racecourse, Hong Kong	HV Night Race - Oktoberfest - 1st race 7:15pm
2016-10-23	ST	Day	CONFIRMED	Sha Tin Racecourse, Sha Tin, Hong Kong	ST Day Race - Gentlemen’s Bow Tie Raceday - 1st race 1:00pm
2016-10-19	HV	Night	CONFIRMED	Happy Valley Racecourse, Hong Kong	HV Night Race - Oktoberfest - 1st race 7:30pm
2016-10-16	ST	Day	CONFIRMED	Sha Tin Racecourse, Sha Tin, Hong Kong	ST Day Race - 1st race 12:30pm
2016-10-12	HV	Night	CONFIRMED	Happy Valley Racecourse, Hong Kong	HV Night Race - Oktoberfest - 1st race 7:15pm
2016-10-08	ST	Day	CONFIRMED	Sha Tin Racecourse, Sha Tin, Hong Kong	ST Day Race - 1st race 1:00pm
2016-10-05	HV	Night	CONFIRMED	Happy Valley Racecourse, Hong Kong	HV Night Race - Oktoberfest - 1st race 7:15pm
2016-10-01	ST	Day	CONFIRMED	Sha Tin Racecourse, Sha Tin, Hong Kong	ST Day Race - National Day Race Meeting - 1st race 12:30pm
2016-09-28	HV	Night	CONFIRMED	Happy Valley Racecourse, Hong Kong	HV Night Race - Happy Wednesday's Back - 1st race 7:15pm
2016-09-25	ST	Day	CONFIRMED	Sha Tin Racecourse, Sha Tin, Hong Kong	1st race 1:00pm - Sha Tin Day Race
2016-09-21	HV	Night	CONFIRMED	Happy Valley Racecourse, Hong Kong	1st race 7:15pm - Happy Wednesday's back - Happy Valley Night Race
2016-09-07	HV	Night	CONFIRMED	Happy Valley Racecourse, Hong Kong	1st race 7:15pm - Happy Wednesday's back - Happy Valley Night Race
2016-09-03	ST	Day	CONFIRMED	Sha Tin Racecourse, Sha Tin, Hong Kong	1st race 1:00pm -2016 Season Opening - Sha Tin Day Race
2016-07-01	ST	Day	CONFIRMED	Sha Tin Racecourse	1st race 12:30pm - Hong Kong Reunification Raceday - Sha Tin Day Race
2016-07-06	HV	Night	CONFIRMED	Happy Valley Racecourse	1st race 6:45pm - Happy Valley Night Race
2016-06-26	ST	Day	CONFIRMED	Sha Tin Racecourse	1st race 12:45pm - Sha Tin Day Race
2016-06-22	HV	Night	CONFIRMED	Happy Valley Racecourse	1st race 7:15pm - Happy Wednesday Carnivale of Action  - Happy Valley Night Race
2016-06-19	ST	Day	CONFIRMED	Sha Tin Racecourse	1st race 12:30pm - Sha Tin Day Race
2016-06-12	ST	Day	CONFIRMED	Sha Tin Racecourse	1st race 12:30pm - Sha Tin Day Race
2016-06-15	HV	Night	CONFIRMED	Happy Valley Racecourse	1st race 7:15pm - Happy Wednesday Carnivale of Action  - Happy Valley Night Race
2016-06-09	HV	Day	CONFIRMED	Happy Valley Racecourse	1st race 1:00pm - Happy Valley Day Race
2016-06-05	ST	Day	CONFIRMED	Sha Tin Racecourse	1st race 12:45pm - Sha Tin Day Race
2016-06-01	HV	Night	CONFIRMED	Happy Valley Racecourse	1st race 7:15pm - Happy Wednesday Carnivale of Action  - Happy Valley Night Race
2016-05-29	ST	Day	CONFIRMED	Sha Tin Racecourse	1st race 12:45pm - Sha Tin Day Race
2016-05-22	ST	Day	CONFIRMED	Sha Tin Racecourse	1st race 12:30pm - Standard Chartered Champions & Chater Cup - Sha Tin Day Race
2016-05-18	HV	Night	CONFIRMED	Happy Valley Racecourse	1st race 6:45pm - Le French May - Happy Valley Night Race
2016-05-14	ST	Day	CONFIRMED	Sha Tin Racecourse	1st race 1:00pm - Sha Tin Day Race
2016-05-11	HV	Night	CONFIRMED	Happy Valley Racecourse	1st race 7:15pm - Le French May - Happy Valley Night Race
2016-05-07	ST	Day	CONFIRMED	Sha Tin Racecourse	1st race 1:00pm - Sha Tin Day Race
2016-05-04	HV	Night	CONFIRMED	Happy Valley Racecourse	1st race 7:15pm - Le French May - Happy Valley Night Race
2016-05-01	ST	Day	CONFIRMED	Sha Tin Racecourse	1st race 12:30pm - Sha Tin Day Race (Champions Mile and Chairman’s Sprint Prize)
2016-04-27	HV	Night	CONFIRMED	Happy Valley Racecourse	1st race 7:15pm - Digital Nights at Happy Wednesday - Happy Valley Night Race
2016-04-24	ST	Day	CONFIRMED	Sha Tin Racecourse	1st race 1:00pm - Audemars Piguet QEII Cup (Sha Tin Day Race)
2016-04-16	ST	Day	CONFIRMED	Sha Tin Racecourse	1st race 1:00pm - Sha Tin Day Race
2016-04-13	HV	Night	CONFIRMED	Happy Valley Racecourse	1st race 6:45pm - Digital Nights at Happy Wednesday - Happy Valley Night Race
2016-04-10	ST	Day	CONFIRMED	Sha Tin Racecourse	1st race 12:30pm - Sha Tin Day Race
2016-04-06	ST	Night	CONFIRMED	Sha Tin Racecourse	1st race 7:15pm - Sha Tin Night Race
2016-04-03	ST	Day	CONFIRMED	Sha Tin Racecourse	1st race 1:00pm - Sha Tin Day Race
2016-03-31	HV	Night	CONFIRMED	Happy Valley Racecourse	1st race 7:15pm - Happy Thursday party - Happy Valley Night Race
2016-03-20	ST	Day	CONFIRMED	Sha Tin Racecourse	1st race 1:00pm - Sha Tin Day Race (BMW Hong Kong Derby)
2016-03-23	HV	Night	CONFIRMED	Happy Valley Racecourse	1st race 7:15pm - Hoppy Wednesday Easter - Happy Valley Night Race
2016-03-16	HV	Night	CONFIRMED	Happy Valley Racecourse	1st race 7:15pm - Hoppy Wednesday Easter - Happy Valley Night Race
2016-03-13	ST	Day	CONFIRMED	Sha Tin Racecourse	1st race 1:00pm - Sha Tin Day Race
2016-03-09	HV	Night	CONFIRMED	Happy Valley Racecourse	1st race 7:15pm - Wine In The Valley - Happy Valley Night Race
2016-03-06	ST	Day	CONFIRMED	Sha Tin Racecourse	1st race 12:30pm - Sha Tin Day Race
2016-03-02	HV	Night	CONFIRMED	Happy Valley Racecourse	1st race 7:15pm - Wine In The Valley - Happy Valley Night Race
2016-02-28	ST	Day	CONFIRMED	Sha Tin Racecourse	1st race 1:00pm - Sha Tin Day Race (Citi Hong Kong Gold Cup / Queen's Silver Jubilee Cup)
2016-02-24	HV	Night	CONFIRMED	Happy Valley Racecourse	1st race 6:45pm - Happy Valley Million Challenge Finale  - Happy Valley Night Race
2016-02-21	ST	Day	CONFIRMED	Sha Tin Racecourse	1st race 1:00pm - Hong Kong Classic Cup - Sha Tin Day Race
2016-02-14	ST	Day	CONFIRMED	Sha Tin Racecourse	1st race 1:00pm - Sha Tin Day Race
2016-02-10	ST	Day	CONFIRMED	Sha Tin Racecourse	1st race 12:30pm - Chinese New Year Raceday - Sha Tin Day Race
2016-02-06	ST	Day	CONFIRMED	Sha Tin Racecourse	1st race 1:00pm - Sha Tin Day Race
2016-02-03	HV	Night	CONFIRMED	Happy Valley Racecourse	1st race 6:45pm - Year of the Monkey Spring Party - Happy Valley Night Race
2016-01-31	ST	Day	CONFIRMED	Sha Tin Racecourse	1st race 12:30pm - Stewards’ Cup and Centenary Sprint Cup - Sha Tin Day Race
2016-01-24	ST	Day	CONFIRMED	Sha Tin Racecourse	1st race 12:30pm - The Hong Kong Classic Mile - Sha Tin Day Race
2015-12-02	HV	Night	CONFIRMED	Happy Valley Racecourse	1st race 7:15pm - Prelude Party Night for IJC - Happy Valley Night Race
2016-01-20	HV	Night	CONFIRMED	Happy Valley Racecourse	1st race 7:15pm - Happy Wednesday is Turning Japanese - Happy Valley Night Race
2016-01-17	ST	Day	CONFIRMED	Sha Tin Racecourse	1st race 1:00pm - Sha Tin Day Race
2016-01-13	HV	Night	CONFIRMED	Happy Valley Racecourse	1st race 7:15pm - Happy Wednesday is Turning Japanese - Happy Valley Night Race
2016-01-09	ST	Day	CONFIRMED	Sha Tin Racecourse	1st race 1:00pm - Sha Tin Day Race
2016-01-06	HV	Night	CONFIRMED	Happy Valley Racecourse	1st race 7:15pm - Happy Wednesday is Turning Japanese - Happy Valley Night Race
2016-01-01	ST	Day	CONFIRMED	Sha Tin Racecourse	1st race 12:30pm - Lucky Start Jan 1 - Sha Tin Day Race (New Year)
2015-12-19	ST	Day	CONFIRMED	Sha Tin Racecourse	1st Race 1:00pm - Sha Tin Day Race
2015-12-27	ST	Day	CONFIRMED	Sha Tin Racecourse	1st race 12:30pm - Sha Tin Day Race
2015-07-12	ST	Day	CONFIRMED	Sha Tin racecourse	Sha Tin Day Race
2015-07-08	HV	Night	CONFIRMED	Happy Valley racecourse	Happy Valley Night Race
2015-07-05	ST	Day	CONFIRMED	Sha Tin racecourse	Sha Tin Day Race
2015-07-01	ST	Day	CONFIRMED	Sha Tin racecourse	Sha Tin Day Race
2015-06-27	ST	Day	CONFIRMED	Sha Tin racecourse	Sha Tin Day Race
2015-06-21	ST	Day	CONFIRMED	Sha Tin racecourse	Sha Tin Day Race
2015-06-24	HV	Night	CONFIRMED	Happy Valley racecourse	Happy Valley Night Race
2015-06-17	HV	Night	CONFIRMED	Happy Valley racecourse	Happy Valley Night Race
2015-06-14	ST	Day	CONFIRMED	Sha Tin racecourse	Sha Tin Day Race
2015-06-07	ST	Day	CONFIRMED	Sha Tin racecourse	Sha Tin Day Race
2015-06-10	HV	Night	CONFIRMED	Happy Valley racecourse	Happy Valley Night Race
2015-06-03	HV	Night	CONFIRMED	Happy Valley racecourse	Happy Valley Night Race
2015-05-16	ST	Day	CONFIRMED	Sha Tin racecourse	Sha Tin Day Race
2015-05-31	ST	Day	CONFIRMED	Sha Tin racecourse	Standard Chartered Champions & Chater Cup (Sha Tin Day Race)
2015-05-20	HV	Night	CONFIRMED	Happy Valley racecourse	Happy Valley Night Race
2015-05-13	HV	Night	CONFIRMED	Happy Valley racecourse	Happy Valley Night Race
2015-05-06	HV	Night	CONFIRMED	Happy Valley racecourse	Happy Valley Night Race
2015-05-09	ST	Day	CONFIRMED	Sha Tin racecourse	Sha Tin Day Race
2015-05-03	ST	Day	CONFIRMED	Sha Tin racecourse	Champions Mile (Sha Tin Day Race)
2015-04-19	ST	Day	CONFIRMED	Sha Tin racecourse	Sha Tin Day Race
2015-04-29	HV	Night	CONFIRMED	Happy Valley racecourse	Happy Valley Night Race
2015-04-22	HV	Night	CONFIRMED	Happy Valley racecourse	Happy Valley Night Race
2015-04-15	HV	Night	CONFIRMED	Happy Valley racecourse	Happy Valley Night Race
2015-04-12	ST	Day	CONFIRMED	Sha Tin racecourse	Sha Tin Day Race
2015-04-26	ST	Day	CONFIRMED	Sha Tin racecourse	Audemars Piguet QEII Cup (Sha Tin Day Race)
2015-04-07	ST	Day	CONFIRMED	Sha Tin racecourse	Sha Tin Day Race
2015-03-29	ST	Day	CONFIRMED	Sha Tin racecourse	Sha Tin Day Race
2015-04-01	HV	Night	CONFIRMED	Happy Valley racecourse	Happy Valley Night Race
2015-03-25	ST	Night	CONFIRMED	Sha Tin racecourse	Sha Tin Night Race
2015-03-21	ST	Day	CONFIRMED	Sha Tin racecourse	Sha Tin Day Race
2015-03-08	ST	Day	CONFIRMED	Sha Tin racecourse	Sha Tin Day Race
2015-03-15	ST	Day	CONFIRMED	Sha Tin racecourse	BMW HK Derby / Queen's Silver Jubilee Cup (Sha Tin Day Race)
2015-03-18	HV	Night	CONFIRMED	Happy Valley racecourse	Happy Valley Night Race
2015-03-11	HV	Night	CONFIRMED	Happy Valley racecourse	Happy Valley Night Race
2015-03-04	HV	Night	CONFIRMED	Happy Valley racecourse	Happy Valley Night Race
2015-03-01	ST	Day	CONFIRMED	Sha Tin racecourse	Citibank HK Gold Cup (Sha Tin Day Race)
2015-02-25	HV	Night	CONFIRMED	Happy Valley racecourse	Happy Valley Night Race
2015-02-11	HV	Night	CONFIRMED	Happy Valley racecourse	Happy Valley Night Race
2015-02-07	ST	Day	CONFIRMED	Sha Tin racecourse	Sha Tin Day Race
2015-02-15	ST	Day	CONFIRMED	Sha Tin racecourse	Sha Tin Day Race
2015-02-21	ST	Day	CONFIRMED	Sha Tin racecourse	Chinese New Year Race Day (Sha Tin Day Race)
2015-02-01	ST	Day	CONFIRMED	Sha Tin racecourse	Sha Tin Day Race
2015-02-04	HV	Night	CONFIRMED	Happy Valley racecourse	Happy Valley Night Race
2015-01-28	HV	Night	CONFIRMED	Happy Valley racecourse	Happy Valley Night Race
2015-01-18	ST	Day	CONFIRMED	Sha Tin racecourse	Sha Tin Day Race
2015-01-25	ST	Day	CONFIRMED	Sha Tin racecourse	Stewards' Cup (Sha Tin Day Race)
2015-01-07	HV	Night	CONFIRMED	Happy Valley racecourse	Happy Valley Night Race
2015-01-21	HV	Night	CONFIRMED	Happy Valley racecourse	Happy Valley Night Race
2015-01-14	HV	Night	CONFIRMED	Happy Valley racecourse	Happy Valley Night Race
2015-01-04	ST	Day	CONFIRMED	Sha Tin racecourse	Sha Tin Day Race
2014-12-28	ST	Day	CONFIRMED	Sha Tin racecourse	Sha Tin Day Race
2015-01-10	ST	Day	CONFIRMED	Sha Tin racecourse	Sha Tin Day Race
2015-01-01	ST	Day	CONFIRMED	Sha Tin racecourse	New Year Race Day (Sha Tin Day Race)
2014-12-07	ST	Day	CONFIRMED	Sha Tin racecourse	Sha Tin Day Race
2014-12-17	HV	Night	CONFIRMED	Happy Valley racecourse	Happy Valley Night Race
2014-12-03	HV	Night	CONFIRMED	Happy Valley racecourse	Happy Valley Night Race
2014-12-10	HV	Night	CONFIRMED	Happy Valley racecourse	Happy Valley Night Race
2014-12-14	ST	Day	CONFIRMED	Sha Tin racecourse	LONGINES HKIR (Sha Tin Day Race)
2014-11-23	ST	Day	CONFIRMED	Sha Tin racecourse	Sha Tin Day Race
2014-11-15	ST	Day	CONFIRMED	Sha Tin racecourse	Sha Tin Day Race
2014-11-26	HV	Night	CONFIRMED	Happy Valley racecourse	Happy Valley Night Race
2014-11-19	HV	Night	CONFIRMED	Happy Valley racecourse	Happy Valley Night Race
2014-11-02	ST	Day	CONFIRMED	Sha Tin racecourse	Sha Tin Day Race
2014-10-26	ST	Day	CONFIRMED	Sha Tin racecourse	Sha Tin Day Race
2014-11-12	HV	Night	CONFIRMED	Happy Valley racecourse	Happy Valley Night Race
2014-10-29	HV	Night	CONFIRMED	Happy Valley racecourse	Happy Valley Night Race
2014-10-22	HV	Night	CONFIRMED	Happy Valley racecourse	Happy Valley Night Race
2014-10-19	HV	Day	CONFIRMED	Happy Valley racecourse	Happy Valley Day Race
2014-11-09	ST	Day	CONFIRMED	Sha Tin racecourse	Sha Tin Day Race
2014-10-15	ST	Night	CONFIRMED	Sha Tin racecourse	Sha Tin Night Race
2014-10-12	ST	Day	CONFIRMED	Sha Tin racecourse	Sha Tin Day Race
2014-10-08	ST	Night	CONFIRMED	Sha Tin racecourse	Sha Tin Night Race
2014-10-05	ST	Day	CONFIRMED	Sha Tin racecourse	Sha Tin Day Race
2014-10-01	ST	Day	CONFIRMED	Sha Tin racecourse	Sha Tin Day Race
2014-09-27	ST	Day	CONFIRMED	Sha Tin racecourse	Sha Tin Day Race
2014-09-21	ST	Day	CONFIRMED	Sha Tin racecourse	Sha Tin Day Race
2014-09-24	ST	Night	CONFIRMED	Sha Tin racecourse	Sha Tin Night Race
2014-09-17	ST	Night	CONFIRMED	Sha Tin racecourse	Sha Tin Night Race
2014-09-14	ST	Day	CONFIRMED	Sha Tin racecourse	Sha Tin Day Race
2015-05-27	ST	Night	CONFIRMED	Sha Tin racecourse	Sha Tin Night Race
2015-05-24	ST	Day	CONFIRMED	Sha Tin racecourse	Sha Tin Day Race
2014-12-20	ST	Day	CONFIRMED	Sha Tin racecourse	Sha Tin Day Race
2014-11-30	ST	Day	CONFIRMED	Sha Tin racecourse	Sha Tin Day Race
2014-06-28	ST	Day	CONFIRMED	Sha Tin racecourse	Sha Tin Day Race
2014-07-01	ST	Day	CONFIRMED	Sha Tin racecourse	Sha Tin Day Race
2014-06-25	ST	Night	CONFIRMED	Sha Tin racecourse	Sha Tin Night Race
2014-06-22	ST	Day	CONFIRMED	Sha Tin racecourse	Sha Tin Day Race
2014-06-18	ST	Night	CONFIRMED	Sha Tin racecourse	Sha Tin Night Race
2014-07-06	ST	Day	CONFIRMED	Sha Tin racecourse	Season Finale (Sha Tin Day Race)
2014-06-15	ST	Day	CONFIRMED	Sha Tin racecourse	Sha Tin Day Race
2014-06-11	ST	Night	CONFIRMED	Sha Tin racecourse	Sha Tin Night Race
2014-06-08	ST	Day	CONFIRMED	Sha Tin racecourse	Sha Tin Day Race
2014-06-05	HV	Night	CONFIRMED	Happy Valley racecourse	Happy Valley Night Race
2014-06-01	ST	Day	CONFIRMED	Sha Tin racecourse	Sha Tin Day Race
2014-05-25	ST	Day	CONFIRMED	Sha Tin racecourse	Sha Tin Day Race
2014-05-10	ST	Day	CONFIRMED	Sha Tin racecourse	Sha Tin Day Race
2014-05-17	ST	Day	CONFIRMED	Sha Tin racecourse	Sha Tin Day Race
2014-05-28	HV	Night	CONFIRMED	Happy Valley racecourse	Happy Valley Night Race
2014-05-21	HV	Night	CONFIRMED	Happy Valley racecourse	Happy Valley Night Race
2014-05-14	HV	Night	CONFIRMED	Happy Valley racecourse	Happy Valley Night Race
2014-05-07	HV	Night	CONFIRMED	Happy Valley racecourse	Happy Valley Night Race
2014-04-30	HV	Night	CONFIRMED	Happy Valley racecourse	Happy Valley Night Race
2014-04-27	ST	Day	CONFIRMED	Sha Tin racecourse	The Audemars Piguet QEII Cup Raceday (Sha Tin Day Race)
2014-05-04	ST	Day	CONFIRMED	Sha Tin racecourse	Champions Mile Raceday (Sha Tin Day Race)
2014-04-21	ST	Day	CONFIRMED	Sha Tin racecourse	Sha Tin Day Race
2014-04-16	HV	Night	CONFIRMED	Happy Valley racecourse	Happy Valley Night Race
2014-04-13	ST	Day	CONFIRMED	Sha Tin racecourse	Sha Tin Day Race
2014-04-06	ST	Day	CONFIRMED	Sha Tin racecourse	Sha Tin Day Race
2014-04-09	HV	Night	CONFIRMED	Happy Valley racecourse	Happy Valley Night Race
2014-04-02	HV	Night	CONFIRMED	Happy Valley racecourse	Happy Valley Night Race
2014-03-30	ST	Day	CONFIRMED	Sha Tin racecourse	Sha Tin Day Race
2014-03-26	ST	Night	CONFIRMED	Sha Tin racecourse	Sha Tin Night Race
2014-03-23	ST	Day	CONFIRMED	Sha Tin racecourse	Sha Tin Day Race
2014-03-16	ST	Day	CONFIRMED	Sha Tin racecourse	BMW Hong Kong Derby Raceday (Sha Tin Day Race)
2014-03-19	HV	Night	CONFIRMED	Happy Valley racecourse	Happy Valley Night Race
2014-03-12	HV	Night	CONFIRMED	Happy Valley racecourse	Happy Valley Night Race
2014-03-01	ST	Day	CONFIRMED	Sha Tin racecourse	Sha Tin Day Race
2014-02-23	ST	Day	CONFIRMED	Sha Tin racecourse	Sha Tin Day Race
2014-02-26	HV	Night	CONFIRMED	Happy Valley racecourse	Happy Valley Night Race
2014-02-19	HV	Night	CONFIRMED	Happy Valley racecourse	Happy Valley Night Race
2014-02-16	ST	Day	CONFIRMED	Sha Tin racecourse	Sha Tin Day Race
2014-02-08	ST	Day	CONFIRMED	Sha Tin racecourse	Sha Tin Day Race
2014-02-05	HV	Night	CONFIRMED	Happy Valley racecourse	Happy Valley Night Race
2014-02-12	HV	Night	CONFIRMED	Happy Valley racecourse	Happy Valley Night Race
2014-01-19	ST	Day	CONFIRMED	Sha Tin racecourse	Sha Tin Day Race
2014-01-26	ST	Day	CONFIRMED	Sha Tin racecourse	Sha Tin Day Race
2014-01-11	ST	Day	CONFIRMED	Sha Tin racecourse	Sha Tin Day Race
2014-02-02	ST	Day	CONFIRMED	Sha Tin Day Race	Chinese New Year Race Meeting (Sha Tin Day Race)
2014-01-22	HV	Night	CONFIRMED	Happy Valley racecourse	Happy Valley Night Race
2014-01-15	HV	Night	CONFIRMED	Happy Valley racecourse	Happy Valley Night Race
2014-01-05	ST	Day	CONFIRMED	Sha Tin racecourse	Sha Tin Day Race
2013-12-29	ST	Day	CONFIRMED	Sha Tin racecourse	Sha Tin Day Race
2013-12-15	ST	Day	CONFIRMED	Sha Tin racecourse	Sha Tin Day Race
2014-01-08	HV	Night	CONFIRMED	Happy Valley racecourse	Happy Valley Night Race
2013-12-21	ST	Day	CONFIRMED	Sha Tin racecourse	Sha Tin Day Race
2014-01-01	ST	Day	CONFIRMED	Sha Tin racecourse	New Year's Day Race Meeting (Sha Tin Day Race)
2013-12-26	HV	Night	CONFIRMED	Happy Valley racecourse	Happy Valley Night Race
2013-12-18	HV	Night	CONFIRMED	Happy Valley racecourse	Happy Valley Night Race
2013-12-11	HV	Night	CONFIRMED	Happy Valley racecourse	Happy Valley Night Race
2013-12-01	ST	Day	CONFIRMED	Sha Tin racecourse	Sha Tin Day Race
2013-11-27	HV	Night	CONFIRMED	Happy Valley racecourse	Happy Valley Night Race
2013-11-24	ST	Day	CONFIRMED	Sha Tin racecourse	Sha Tin Day Race
2013-11-09	ST	Day	CONFIRMED	Sha Tin racecourse	Sha Tin Day Race
2013-12-08	ST	Day	CONFIRMED	Sha Tin racecourse	LONGINES Hong Kong International Races (Sha Tin Day Race)
2013-12-04	HV	Night	CONFIRMED	Happy Valley racecourse	LONGINES International Jockeys' Championship (Happy Valley Night Race)
2013-11-17	ST	Day	CONFIRMED	Sha Tin racecourse	Sha Tin Day Race
2013-11-20	HV	Night	CONFIRMED	Happy Valley racecourse	Happy Valley Night Race
2013-11-13	HV	Night	CONFIRMED	Happy Valley racecourse	Happy Valley Night Race
2013-11-06	HV	Night	CONFIRMED	Happy Valley racecourse	Happy Valley Night Race
2013-10-30	ST	Night	CONFIRMED	Sha Tin Racecourse	Sha Tin Night Race
2013-10-27	ST	Day	CONFIRMED	Sha Tin racecourse	Sha Tin Day Race 
2013-11-03	ST	Day	CONFIRMED	Sha Tin racecourse	Sa Sa Ladies' Purse Day (Sha Tin Day Race)
2013-10-16	ST	Night	CONFIRMED	Sha Tin racecourse	Sha Tin Night Race
2013-10-20	HV	Day	CONFIRMED	Happy Valley racecourse	Happy Valley Day Race
2013-10-12	ST	Day	CONFIRMED	Sha Tin racecourse	Sha Tin Day Race
2013-10-06	ST	Day	CONFIRMED	Sha Tin racecourse	Sha Tin Day Race
2013-10-23	HV	Night	CONFIRMED	Happy Valley racecourse	Happy Valley Night Race
2013-10-09	HV	Night	CONFIRMED	Happy Valley racecourse	Happy Valley Night Race
2013-09-25	HV	Night	CONFIRMED	Happy Valley racecourse	Happy Valley Night Race
2013-10-01	ST	Day	CONFIRMED	Sha Tin racecourse	National Day Race Meeting (Sha Tin Day Race)
2013-09-17	HV	Night	CONFIRMED	Happy Valley racecourse	Happy Valley Night Race
2013-09-15	ST	Day	CONFIRMED	Sha Tin racecourse 	Sha Tin Day Race
2013-09-11	HV	Night	CONFIRMED	Happy Valley racecourse	Happy Valley Night Race
2013-09-08	ST	Day	CONFIRMED	Sha Tin racecourse 	Season Opening (Sha Tin Day Race)
2014-03-09	ST	Day	CONFIRMED	Sha Tin racecourse	Sha Tin Day Race
2014-03-05	HV	Night	CONFIRMED	Happy Valley racecourse	Happy Valley Night Race
